pointer,KJ934637,NC_001918
49,23.076923076923077,24.742268041237114
50,24.175824175824175,24.742268041237114
51,24.175824175824175,24.742268041237114
52,24.175824175824175,24.742268041237114
53,25.274725274725274,24.742268041237114
54,25.274725274725274,24.742268041237114
55,26.373626373626376,25.773195876288657
56,27.472527472527474,25.773195876288657
57,28.57142857142857,25.773195876288657
58,29.67032967032967,25.773195876288657
59,30.76923076923077,25.773195876288657
60,29.67032967032967,25.0
61,29.67032967032967,25.263157894736842
62,29.67032967032967,25.53191489361702
63,29.67032967032967,25.806451612903224
64,29.67032967032967,26.08695652173913
65,29.67032967032967,25.274725274725274
66,29.67032967032967,25.555555555555554
67,29.67032967032967,24.719101123595504
68,29.67032967032967,25.0
69,29.67032967032967,25.287356321839084
70,29.67032967032967,25.581395348837212
71,29.67032967032967,24.705882352941178
72,29.67032967032967,24.705882352941178
73,29.67032967032967,23.52941176470588
74,29.67032967032967,23.52941176470588
75,29.67032967032967,23.52941176470588
76,29.67032967032967,23.52941176470588
77,29.67032967032967,23.52941176470588
78,28.57142857142857,23.52941176470588
79,29.67032967032967,23.52941176470588
80,29.67032967032967,23.809523809523807
81,29.67032967032967,24.096385542168676
82,28.57142857142857,24.390243902439025
83,28.57142857142857,24.390243902439025
84,28.57142857142857,24.390243902439025
85,28.57142857142857,25.609756097560975
86,28.57142857142857,25.609756097560975
87,28.57142857142857,26.82926829268293
88,29.67032967032967,28.04878048780488
89,29.67032967032967,28.04878048780488
90,30.76923076923077,29.268292682926827
91,30.76923076923077,29.268292682926827
92,31.868131868131865,30.48780487804878
93,31.868131868131865,31.70731707317073
94,30.76923076923077,31.70731707317073
95,30.76923076923077,31.70731707317073
96,31.868131868131865,32.926829268292686
97,32.967032967032964,34.146341463414636
98,32.967032967032964,35.36585365853659
99,32.967032967032964,36.58536585365854
100,32.967032967032964,35.36585365853659
101,32.967032967032964,36.58536585365854
102,31.868131868131865,36.58536585365854
103,30.76923076923077,35.36585365853659
104,29.67032967032967,35.36585365853659
105,30.76923076923077,36.58536585365854
106,30.76923076923077,36.58536585365854
107,31.868131868131865,37.80487804878049
108,31.868131868131865,37.80487804878049
109,30.76923076923077,37.80487804878049
110,31.868131868131865,37.80487804878049
111,31.868131868131865,39.02439024390244
112,32.967032967032964,40.243902439024396
113,32.967032967032964,41.46341463414634
114,32.967032967032964,42.68292682926829
115,34.065934065934066,43.90243902439025
116,32.967032967032964,42.68292682926829
117,34.065934065934066,43.90243902439025
118,35.16483516483517,45.1219512195122
119,34.065934065934066,43.90243902439025
120,35.16483516483517,45.1219512195122
121,36.26373626373626,46.34146341463415
122,36.26373626373626,46.34146341463415
123,36.26373626373626,45.1219512195122
124,37.362637362637365,46.34146341463415
125,38.46153846153847,47.5609756097561
126,38.46153846153847,46.34146341463415
127,38.46153846153847,46.34146341463415
128,38.46153846153847,46.34146341463415
129,37.362637362637365,47.5609756097561
130,36.26373626373626,47.5609756097561
131,36.26373626373626,48.78048780487805
132,36.26373626373626,48.78048780487805
133,36.26373626373626,48.78048780487805
134,36.26373626373626,47.5609756097561
135,35.869565217391305,47.5609756097561
136,35.483870967741936,47.5609756097561
137,36.17021276595745,48.78048780487805
138,35.78947368421053,48.78048780487805
139,35.41666666666667,50.0
140,36.08247422680412,51.21951219512195
141,36.734693877551024,52.4390243902439
142,37.37373737373738,52.4390243902439
143,37.0,53.65853658536586
144,36.0,53.65853658536586
145,37.0,53.65853658536586
146,37.0,54.87804878048781
147,37.0,55.42168674698795
148,38.0,55.952380952380956
149,38.0,56.470588235294116
150,37.0,56.470588235294116
151,37.0,56.470588235294116
152,38.0,57.647058823529406
153,38.0,57.647058823529406
154,38.0,57.647058823529406
155,37.0,56.470588235294116
156,37.0,56.470588235294116
157,36.0,56.470588235294116
158,36.0,56.470588235294116
159,36.0,57.647058823529406
160,37.0,58.139534883720934
161,38.0,58.620689655172406
162,39.0,59.09090909090909
163,39.0,59.55056179775281
164,40.0,60.0
165,40.0,59.34065934065934
166,41.0,59.78260869565217
167,42.0,60.215053763440864
168,43.0,60.63829787234043
169,44.0,61.05263157894737
170,45.0,61.458333333333336
171,46.0,61.855670103092784
172,46.0,61.855670103092784
173,47.0,62.88659793814433
174,48.0,63.91752577319587
175,49.0,64.94845360824742
176,50.0,64.94845360824742
177,50.0,65.97938144329896
178,51.0,67.0103092783505
179,50.0,68.04123711340206
180,51.0,68.36734693877551
181,52.0,68.68686868686868
182,53.0,69.0
183,54.0,70.0
184,54.0,70.0
185,53.0,69.0
186,53.0,69.0
187,54.0,69.0
188,54.0,69.0
189,55.00000000000001,69.0
190,55.00000000000001,69.0
191,55.00000000000001,69.0
192,55.00000000000001,69.0
193,56.00000000000001,69.0
194,56.99999999999999,69.0
195,57.99999999999999,70.0
196,57.99999999999999,70.0
197,57.99999999999999,70.0
198,59.0,70.0
199,60.0,69.0
200,61.0,69.0
201,61.0,68.0
202,62.0,67.0
203,62.0,67.0
204,62.62626262626263,66.0
205,62.62626262626263,65.0
206,63.63636363636363,66.0
207,63.63636363636363,66.0
208,63.63636363636363,65.0
209,63.63636363636363,64.0
210,63.63636363636363,64.0
211,63.63636363636363,63.0
212,63.63636363636363,62.0
213,64.64646464646465,61.0
214,64.64646464646465,60.0
215,63.63636363636363,59.0
216,64.64646464646465,60.0
217,63.63636363636363,59.0
218,63.63636363636363,57.99999999999999
219,64.64646464646465,57.99999999999999
220,63.63636363636363,56.99999999999999
221,62.62626262626263,56.00000000000001
222,62.62626262626263,56.00000000000001
223,62.62626262626263,56.00000000000001
224,61.61616161616161,55.00000000000001
225,61.61616161616161,54.0
226,61.61616161616161,55.00000000000001
227,61.61616161616161,55.00000000000001
228,62.62626262626263,56.00000000000001
229,63.63636363636363,56.00000000000001
230,64.64646464646465,56.00000000000001
231,64.64646464646465,56.00000000000001
232,64.64646464646465,55.00000000000001
233,65.65656565656566,56.00000000000001
234,66.66666666666666,56.99999999999999
235,67.67676767676768,57.99999999999999
236,68.68686868686868,59.0
237,68.68686868686868,59.0
238,69.6969696969697,60.0
239,70.70707070707071,60.0
240,69.6969696969697,59.0
241,69.6969696969697,59.0
242,69.6969696969697,60.0
243,70.70707070707071,59.0
244,70.70707070707071,57.99999999999999
245,70.70707070707071,57.99999999999999
246,71.71717171717171,57.99999999999999
247,71.71717171717171,56.99999999999999
248,71.71717171717171,56.99999999999999
249,71.71717171717171,56.99999999999999
250,71.71717171717171,56.99999999999999
251,72.72727272727273,56.99999999999999
252,71.71717171717171,56.00000000000001
253,71.71717171717171,56.99999999999999
254,71.71717171717171,56.99999999999999
255,72.72727272727273,56.99999999999999
256,72.72727272727273,56.99999999999999
257,73.73737373737373,57.99999999999999
258,73.73737373737373,59.0
259,73.73737373737373,59.0
260,72.72727272727273,57.99999999999999
261,72.72727272727273,57.99999999999999
262,71.71717171717171,56.99999999999999
263,72.72727272727273,56.99999999999999
264,72.72727272727273,56.99999999999999
265,73.73737373737373,57.99999999999999
266,73.73737373737373,56.99999999999999
267,73.73737373737373,56.00000000000001
268,72.72727272727273,55.00000000000001
269,71.71717171717171,54.0
270,70.70707070707071,53.0
271,69.6969696969697,52.0
272,68.68686868686868,51.0
273,67.67676767676768,50.0
274,66.66666666666666,49.0
275,65.65656565656566,49.0
276,64.64646464646465,49.0
277,63.63636363636363,48.0
278,63.63636363636363,48.0
279,64.64646464646465,48.0
280,63.63636363636363,47.0
281,63.63636363636363,47.0
282,63.63636363636363,47.0
283,63.63636363636363,47.0
284,63.63636363636363,47.0
285,64.64646464646465,48.0
286,64.64646464646465,48.0
287,64.64646464646465,48.0
288,64.64646464646465,48.0
289,64.64646464646465,49.0
290,64.64646464646465,49.0
291,64.64646464646465,49.0
292,64.64646464646465,49.0
293,64.64646464646465,49.0
294,64.64646464646465,49.0
295,64.64646464646465,49.0
296,64.64646464646465,49.0
297,64.64646464646465,49.0
298,64.64646464646465,49.0
299,64.64646464646465,49.0
300,64.64646464646465,50.0
301,64.64646464646465,51.0
302,64.64646464646465,52.0
303,65.65656565656566,53.0
304,66.0,54.0
305,66.0,55.00000000000001
306,66.0,55.00000000000001
307,66.0,55.00000000000001
308,66.0,56.00000000000001
309,67.0,56.00000000000001
310,67.0,56.99999999999999
311,67.0,57.99999999999999
312,67.0,59.0
313,67.0,60.0
314,67.0,61.0
315,68.0,62.0
316,67.0,62.0
317,67.0,63.0
318,67.0,64.0
319,67.0,65.0
320,68.0,66.0
321,69.0,67.0
322,70.0,68.0
323,71.0,69.0
324,72.0,70.0
325,71.0,71.0
326,72.0,71.0
327,73.0,72.0
328,72.0,71.0
329,72.0,71.0
330,72.0,71.0
331,73.0,71.0
332,74.0,72.0
333,74.0,72.0
334,74.0,72.0
335,74.0,72.0
336,74.0,72.0
337,74.0,72.0
338,74.0,72.0
339,74.0,72.0
340,75.0,73.0
341,75.0,73.0
342,74.0,72.0
343,73.0,72.0
344,74.0,73.0
345,73.0,73.0
346,73.0,73.0
347,74.0,73.0
348,73.0,72.0
349,73.0,71.0
350,73.0,71.0
351,73.0,72.0
352,74.0,73.0
353,74.0,73.0
354,75.0,73.0
355,75.0,74.0
356,75.0,75.0
357,75.0,74.0
358,75.0,74.0
359,75.0,74.0
360,76.0,75.0
361,76.0,75.0
362,77.0,76.0
363,76.0,75.0
364,75.0,74.0
365,75.0,74.0
366,74.0,74.0
367,73.0,74.0
368,74.0,74.0
369,74.0,74.0
370,75.0,75.0
371,76.0,76.0
372,77.0,76.0
373,78.0,77.0
374,78.0,78.0
375,78.0,77.0
376,79.0,78.0
377,80.0,79.0
378,80.0,79.0
379,80.0,78.0
380,81.0,78.0
381,81.0,77.0
382,80.0,76.0
383,79.0,75.0
384,78.0,74.0
385,77.0,73.0
386,77.0,73.0
387,77.0,73.0
388,77.0,73.0
389,77.0,73.0
390,77.0,73.0
391,77.0,73.0
392,77.0,73.0
393,77.0,72.0
394,77.0,72.0
395,77.0,72.0
396,77.0,72.0
397,77.0,72.0
398,76.0,72.0
399,76.0,73.0
400,76.0,73.0
401,77.0,73.0
402,77.0,73.0
403,77.0,72.0
404,77.0,72.0
405,77.0,72.0
406,77.0,72.0
407,77.0,72.0
408,77.0,72.0
409,77.0,72.0
410,77.0,72.0
411,77.0,72.0
412,77.0,72.0
413,77.0,72.0
414,78.0,72.0
415,78.0,72.0
416,79.0,72.0
417,80.0,72.0
418,80.0,72.0
419,80.0,72.0
420,80.0,72.0
421,80.0,72.0
422,80.0,72.0
423,80.0,72.0
424,80.0,72.0
425,81.0,72.0
426,81.0,72.0
427,81.0,72.0
428,82.0,73.0
429,82.0,73.0
430,82.0,73.0
431,81.0,73.0
432,81.0,73.0
433,81.0,73.0
434,81.0,73.0
435,80.0,72.0
436,80.0,72.0
437,79.0,71.0
438,79.0,71.0
439,78.0,70.0
440,78.0,70.0
441,78.0,70.0
442,78.0,70.0
443,79.0,71.0
444,79.0,71.0
445,79.0,71.0
446,79.0,71.0
447,78.0,72.0
448,79.0,72.0
449,80.0,73.0
450,81.0,74.0
451,81.0,74.0
452,80.0,73.0
453,79.0,73.0
454,78.0,74.0
455,78.0,73.0
456,78.0,73.0
457,78.0,74.0
458,78.0,73.0
459,78.0,73.0
460,78.0,73.0
461,78.0,73.0
462,78.0,73.0
463,78.0,74.0
464,79.0,75.0
465,79.0,75.0
466,80.0,76.0
467,81.0,77.0
468,81.0,78.0
469,81.0,79.0
470,81.0,79.0
471,81.0,79.0
472,81.0,80.0
473,81.0,80.0
474,82.0,80.0
475,83.0,81.0
476,83.0,81.0
477,83.0,81.0
478,83.0,81.0
479,83.0,82.0
480,83.0,83.0
481,83.0,84.0
482,84.0,85.0
483,85.0,86.0
484,86.0,87.0
485,87.0,88.0
486,87.0,88.0
487,86.0,88.0
488,86.0,88.0
489,86.0,88.0
490,86.0,87.0
491,86.0,87.0
492,86.0,87.0
493,86.0,88.0
494,86.0,88.0
495,86.0,88.0
496,86.0,88.0
497,85.0,88.0
498,86.0,88.0
499,86.0,88.0
500,86.0,87.0
501,86.0,87.0
502,86.0,87.0
503,85.0,87.0
504,85.0,87.0
505,85.0,87.0
506,85.0,86.0
507,85.0,85.0
508,84.0,85.0
509,84.0,86.0
510,84.0,86.0
511,84.0,86.0
512,84.0,86.0
513,84.0,86.0
514,83.0,85.0
515,83.0,85.0
516,83.0,85.0
517,83.0,85.0
518,83.0,85.0
519,83.0,85.0
520,83.0,85.0
521,83.0,85.0
522,83.0,85.0
523,82.0,84.0
524,82.0,83.0
525,82.0,83.0
526,82.0,83.0
527,82.0,83.0
528,82.0,83.0
529,82.0,83.0
530,82.0,83.0
531,83.0,82.0
532,83.0,82.0
533,83.0,81.0
534,83.0,81.0
535,84.0,82.0
536,84.0,82.0
537,85.0,83.0
538,85.0,83.0
539,86.0,84.0
540,85.0,83.0
541,85.0,83.0
542,86.0,84.0
543,86.0,84.0
544,85.0,84.0
545,86.0,85.0
546,85.0,85.0
547,86.0,85.0
548,86.0,86.0
549,86.0,86.0
550,86.0,86.0
551,86.0,86.0
552,87.0,87.0
553,88.0,87.0
554,89.0,87.0
555,89.0,88.0
556,88.0,88.0
557,88.0,88.0
558,88.0,89.0
559,87.0,89.0
560,87.0,89.0
561,87.0,89.0
562,87.0,88.0
563,88.0,88.0
564,88.0,88.0
565,88.0,87.0
566,88.0,87.0
567,88.0,87.0
568,87.0,87.0
569,87.0,87.0
570,87.0,87.0
571,86.0,87.0
572,86.0,87.0
573,86.0,87.0
574,85.0,86.0
575,85.0,86.0
576,84.0,85.0
577,84.0,85.0
578,84.0,85.0
579,84.0,85.0
580,84.0,85.0
581,84.0,85.0
582,84.0,85.0
583,83.0,85.0
584,83.0,85.0
585,83.0,85.0
586,83.0,85.0
587,84.0,85.0
588,84.0,85.0
589,84.0,84.0
590,83.0,84.0
591,82.0,83.0
592,81.0,82.0
593,81.0,82.0
594,81.0,82.0
595,81.0,81.0
596,81.0,81.0
597,82.0,81.0
598,81.0,81.0
599,80.0,81.0
600,79.0,82.0
601,78.0,82.0
602,77.0,81.0
603,78.0,82.0
604,78.0,81.0
605,77.0,80.0
606,77.0,80.0
607,77.0,81.0
608,78.0,81.0
609,78.0,81.0
610,78.0,81.0
611,78.0,80.0
612,78.0,80.0
613,78.0,80.0
614,79.0,81.0
615,79.0,81.0
616,79.0,81.0
617,79.0,81.0
618,79.0,81.0
619,79.0,81.0
620,79.0,81.0
621,79.0,81.0
622,79.0,81.0
623,80.0,82.0
624,80.0,82.0
625,80.0,82.0
626,80.0,82.0
627,80.0,82.0
628,80.0,82.0
629,80.0,82.0
630,80.0,82.0
631,80.0,83.0
632,80.0,83.0
633,80.0,84.0
634,80.0,84.0
635,80.0,84.0
636,80.0,84.0
637,80.0,84.0
638,80.0,84.0
639,80.0,84.0
640,81.0,85.0
641,81.0,85.0
642,81.0,85.0
643,81.0,85.0
644,82.0,85.0
645,82.0,85.0
646,83.0,85.0
647,83.0,85.0
648,83.0,85.0
649,83.0,85.0
650,82.0,85.0
651,82.0,85.0
652,81.0,84.0
653,81.0,84.0
654,80.0,83.0
655,80.0,83.0
656,81.0,83.0
657,81.0,83.0
658,81.0,83.0
659,82.0,83.0
660,81.0,82.0
661,81.0,82.0
662,81.0,83.0
663,80.0,82.0
664,80.0,82.0
665,80.0,83.0
666,80.0,83.0
667,79.0,82.0
668,80.0,82.0
669,81.0,82.0
670,81.0,82.0
671,82.0,82.0
672,82.0,82.0
673,82.0,82.0
674,83.0,83.0
675,83.0,83.0
676,84.0,84.0
677,84.0,84.0
678,84.0,84.0
679,84.0,84.0
680,84.0,83.0
681,84.0,83.0
682,84.0,83.0
683,85.0,83.0
684,85.0,83.0
685,85.0,83.0
686,85.0,83.0
687,85.0,83.0
688,85.0,83.0
689,85.0,84.0
690,86.0,85.0
691,87.0,86.0
692,88.0,87.0
693,88.0,86.0
694,88.0,86.0
695,88.0,87.0
696,88.0,87.0
697,88.0,87.0
698,89.0,87.0
699,90.0,87.0
700,91.0,87.0
701,91.0,86.0
702,91.0,86.0
703,90.0,85.0
704,90.0,86.0
705,91.0,87.0
706,91.0,88.0
707,91.0,88.0
708,91.0,88.0
709,90.0,87.0
710,90.0,87.0
711,90.0,88.0
712,90.0,88.0
713,89.0,88.0
714,88.0,88.0
715,88.0,88.0
716,88.0,87.0
717,88.0,87.0
718,88.0,87.0
719,88.0,87.0
720,88.0,87.0
721,88.0,87.0
722,88.0,87.0
723,88.0,86.0
724,88.0,87.0
725,88.0,87.0
726,87.0,87.0
727,87.0,86.0
728,87.0,85.0
729,87.0,85.0
730,86.0,85.0
731,86.0,85.0
732,86.0,85.0
733,85.0,84.0
734,85.0,83.0
735,85.0,83.0
736,84.0,83.0
737,84.0,83.0
738,83.0,83.0
739,83.0,83.0
740,82.0,83.0
741,82.0,83.0
742,81.0,82.0
743,81.0,82.0
744,81.0,82.0
745,81.0,82.0
746,81.0,82.0
747,81.0,82.0
748,80.0,82.0
749,80.0,82.0
750,81.0,82.0
751,81.0,82.0
752,82.0,83.0
753,82.0,83.0
754,83.0,84.0
755,82.0,83.0
756,82.0,83.0
757,82.0,83.0
758,81.0,82.0
759,80.0,81.0
760,80.0,81.0
761,79.0,81.0
762,79.0,81.0
763,79.0,81.81818181818183
764,79.0,81.81818181818183
765,78.0,80.8080808080808
766,78.0,80.8080808080808
767,78.0,81.81818181818183
768,78.0,81.81818181818183
769,78.0,81.81818181818183
770,78.0,81.81818181818183
771,78.0,80.8080808080808
772,78.0,80.8080808080808
773,77.0,79.7979797979798
774,77.0,79.7979797979798
775,76.0,79.7979797979798
776,76.0,79.7979797979798
777,76.0,79.7979797979798
778,76.0,78.78787878787878
779,76.0,78.78787878787878
780,76.0,79.7979797979798
781,75.0,79.7979797979798
782,75.0,79.7979797979798
783,75.0,79.7979797979798
784,74.0,79.7979797979798
785,74.0,79.7979797979798
786,74.0,79.7979797979798
787,74.0,79.7979797979798
788,74.0,79.7979797979798
789,73.0,79.7979797979798
790,73.0,79.7979797979798
791,73.0,79.7979797979798
792,73.0,78.78787878787878
793,73.0,79.7979797979798
794,73.0,79.7979797979798
795,72.0,78.78787878787878
796,72.0,78.78787878787878
797,72.0,78.78787878787878
798,72.0,78.78787878787878
799,71.0,78.78787878787878
800,70.0,78.78787878787878
801,71.0,79.7979797979798
802,71.0,80.8080808080808
803,72.0,81.81818181818183
804,72.0,81.81818181818183
805,72.0,81.81818181818183
806,72.0,81.81818181818183
807,72.0,81.81818181818183
808,72.0,81.81818181818183
809,73.0,82.82828282828282
810,73.0,82.82828282828282
811,73.0,82.82828282828282
812,73.0,82.82828282828282
813,74.0,81.81818181818183
814,74.74747474747475,80.8080808080808
815,73.73737373737373,79.7979797979798
816,72.72727272727273,79.7979797979798
817,71.71717171717171,78.78787878787878
818,71.71717171717171,77.77777777777779
819,71.71717171717171,77.77777777777779
820,70.70707070707071,77.77777777777779
821,70.70707070707071,77.77777777777779
822,70.70707070707071,77.77777777777779
823,70.70707070707071,77.77777777777779
824,69.6969696969697,77.77777777777779
825,68.68686868686868,76.76767676767676
826,68.68686868686868,75.75757575757575
827,67.67676767676768,75.75757575757575
828,67.67676767676768,75.75757575757575
829,67.67676767676768,74.74747474747475
830,67.67676767676768,73.73737373737373
831,66.66666666666666,72.72727272727273
832,65.65656565656566,71.71717171717171
833,66.66666666666666,72.72727272727273
834,66.66666666666666,73.73737373737373
835,66.66666666666666,73.73737373737373
836,67.67676767676768,73.73737373737373
837,66.66666666666666,73.73737373737373
838,67.67676767676768,73.73737373737373
839,66.66666666666666,72.72727272727273
840,66.66666666666666,72.72727272727273
841,66.66666666666666,71.71717171717171
842,67.67676767676768,72.72727272727273
843,67.67676767676768,72.72727272727273
844,67.67676767676768,72.72727272727273
845,66.66666666666666,72.72727272727273
846,66.66666666666666,72.72727272727273
847,66.66666666666666,71.71717171717171
848,66.66666666666666,71.71717171717171
849,65.65656565656566,71.71717171717171
850,65.65656565656566,71.71717171717171
851,65.65656565656566,71.71717171717171
852,65.65656565656566,71.71717171717171
853,65.65656565656566,71.71717171717171
854,65.65656565656566,71.71717171717171
855,66.66666666666666,72.72727272727273
856,66.66666666666666,72.72727272727273
857,65.65656565656566,71.71717171717171
858,66.66666666666666,72.72727272727273
859,66.66666666666666,72.72727272727273
860,67.67676767676768,73.73737373737373
861,68.68686868686868,73.73737373737373
862,68.68686868686868,73.73737373737373
863,68.68686868686868,73.0
864,68.68686868686868,73.0
865,69.6969696969697,74.0
866,69.6969696969697,74.0
867,70.70707070707071,73.0
868,69.6969696969697,73.0
869,69.6969696969697,73.0
870,69.6969696969697,73.0
871,69.6969696969697,74.0
872,69.6969696969697,73.0
873,69.6969696969697,73.0
874,69.6969696969697,73.0
875,69.6969696969697,72.0
876,68.68686868686868,71.0
877,67.67676767676768,70.0
878,66.66666666666666,70.0
879,65.65656565656566,70.0
880,65.65656565656566,70.0
881,65.65656565656566,70.0
882,65.65656565656566,70.0
883,65.65656565656566,70.0
884,66.66666666666666,70.0
885,66.66666666666666,70.0
886,65.65656565656566,69.0
887,65.65656565656566,69.0
888,64.64646464646465,69.0
889,65.65656565656566,69.0
890,64.64646464646465,68.0
891,64.64646464646465,67.0
892,64.64646464646465,68.0
893,63.63636363636363,67.0
894,63.63636363636363,67.0
895,64.64646464646465,68.0
896,63.63636363636363,67.0
897,63.63636363636363,67.0
898,63.63636363636363,67.0
899,64.64646464646465,67.0
900,65.65656565656566,67.0
901,65.65656565656566,66.0
902,66.66666666666666,66.0
903,66.66666666666666,66.0
904,66.66666666666666,66.0
905,66.66666666666666,66.0
906,66.66666666666666,66.0
907,65.65656565656566,66.0
908,64.64646464646465,65.0
909,64.64646464646465,65.0
910,63.63636363636363,64.0
911,62.62626262626263,63.0
912,62.62626262626263,62.0
913,61.61616161616161,63.0
914,61.0,63.0
915,62.0,64.0
916,63.0,65.0
917,64.0,66.0
918,64.0,67.0
919,63.0,67.0
920,64.0,67.0
921,64.0,67.0
922,64.0,67.0
923,63.0,68.0
924,64.0,68.0
925,65.0,69.0
926,66.0,70.0
927,67.0,71.0
928,67.0,72.0
929,67.0,73.0
930,68.0,74.0
931,69.0,75.0
932,70.0,76.0
933,70.0,75.0
934,70.0,75.0
935,70.0,75.0
936,70.0,75.0
937,71.0,75.0
938,71.0,75.0
939,72.0,76.0
940,73.0,76.0
941,73.0,77.0
942,72.0,76.0
943,72.0,76.0
944,72.0,76.0
945,72.0,75.0
946,72.0,75.0
947,71.0,75.0
948,72.0,74.0
949,73.0,74.0
950,73.0,74.0
951,73.0,74.0
952,73.0,74.0
953,72.0,73.0
954,72.0,73.0
955,71.0,72.0
956,70.0,71.0
957,70.0,72.0
958,70.0,72.0
959,70.0,72.0
960,69.0,71.0
961,69.0,71.0
962,68.0,71.0
963,68.0,72.0
964,67.0,71.0
965,66.0,70.0
966,65.0,69.0
967,64.0,69.0
968,64.0,68.0
969,64.0,68.0
970,63.0,67.67676767676768
971,62.0,67.3469387755102
972,62.0,67.3469387755102
973,63.0,67.3469387755102
974,62.0,67.3469387755102
975,63.0,67.3469387755102
976,63.0,67.3469387755102
977,64.0,68.36734693877551
978,64.0,69.38775510204081
979,65.0,69.38775510204081
980,65.0,69.38775510204081
981,66.0,69.38775510204081
982,66.0,69.38775510204081
983,66.0,69.38775510204081
984,65.0,68.36734693877551
985,64.0,68.36734693877551
986,65.0,69.38775510204081
987,65.0,69.38775510204081
988,66.0,69.38775510204081
989,66.0,69.38775510204081
990,66.0,70.40816326530613
991,66.0,71.42857142857143
992,66.0,71.42857142857143
993,67.0,72.44897959183673
994,67.0,72.44897959183673
995,67.0,72.44897959183673
996,67.0,73.46938775510205
997,67.0,73.46938775510205
998,67.0,73.46938775510205
999,66.0,73.46938775510205
1000,65.0,72.44897959183673
1001,64.0,73.46938775510205
1002,64.0,72.44897959183673
1003,63.63636363636363,71.42857142857143
1004,63.26530612244898,70.40816326530613
1005,62.244897959183675,69.38775510204081
1006,61.224489795918366,68.36734693877551
1007,61.224489795918366,67.3469387755102
1008,61.224489795918366,67.3469387755102
1009,60.204081632653065,66.3265306122449
1010,60.204081632653065,66.3265306122449
1011,60.204081632653065,66.3265306122449
1012,59.183673469387756,67.3469387755102
1013,59.183673469387756,67.3469387755102
1014,60.204081632653065,68.36734693877551
1015,60.204081632653065,68.36734693877551
1016,59.183673469387756,67.3469387755102
1017,58.16326530612245,66.3265306122449
1018,57.14285714285714,65.3061224489796
1019,58.16326530612245,64.28571428571429
1020,58.16326530612245,63.26530612244898
1021,58.16326530612245,63.26530612244898
1022,58.16326530612245,63.26530612244898
1023,59.183673469387756,63.26530612244898
1024,59.183673469387756,63.26530612244898
1025,59.183673469387756,63.26530612244898
1026,59.183673469387756,63.26530612244898
1027,58.16326530612245,62.244897959183675
1028,58.16326530612245,62.244897959183675
1029,57.14285714285714,61.224489795918366
1030,57.14285714285714,60.204081632653065
1031,56.12244897959183,60.204081632653065
1032,56.12244897959183,60.204081632653065
1033,55.10204081632652,61.224489795918366
1034,54.08163265306123,61.224489795918366
1035,53.06122448979592,61.224489795918366
1036,53.06122448979592,61.224489795918366
1037,53.06122448979592,61.224489795918366
1038,53.06122448979592,61.224489795918366
1039,53.06122448979592,61.224489795918366
1040,53.06122448979592,61.224489795918366
1041,53.06122448979592,61.224489795918366
1042,54.08163265306123,62.244897959183675
1043,53.06122448979592,61.224489795918366
1044,53.06122448979592,61.224489795918366
1045,54.08163265306123,62.244897959183675
1046,53.06122448979592,61.224489795918366
1047,54.08163265306123,61.224489795918366
1048,54.08163265306123,61.224489795918366
1049,54.08163265306123,61.224489795918366
1050,54.08163265306123,61.224489795918366
1051,54.08163265306123,61.224489795918366
1052,53.06122448979592,60.204081632653065
1053,54.08163265306123,61.224489795918366
1054,54.08163265306123,61.224489795918366
1055,55.10204081632652,62.244897959183675
1056,56.12244897959183,63.26530612244898
1057,57.14285714285714,63.26530612244898
1058,57.14285714285714,63.26530612244898
1059,58.16326530612245,64.28571428571429
1060,58.16326530612245,64.28571428571429
1061,58.16326530612245,64.28571428571429
1062,58.16326530612245,63.26530612244898
1063,59.183673469387756,62.244897959183675
1064,60.204081632653065,63.26530612244898
1065,60.204081632653065,63.26530612244898
1066,60.204081632653065,64.28571428571429
1067,60.204081632653065,64.28571428571429
1068,60.204081632653065,64.28571428571429
1069,59.183673469387756,64.28571428571429
1070,59.183673469387756,63.63636363636363
1071,60.204081632653065,64.0
1072,59.183673469387756,65.0
1073,58.16326530612245,66.0
1074,59.183673469387756,66.0
1075,58.16326530612245,66.0
1076,58.16326530612245,67.0
1077,57.14285714285714,66.0
1078,57.14285714285714,65.0
1079,56.12244897959183,64.0
1080,55.10204081632652,64.0
1081,55.10204081632652,64.0
1082,54.08163265306123,64.0
1083,54.08163265306123,63.0
1084,55.10204081632652,64.0
1085,56.12244897959183,64.0
1086,56.12244897959183,63.0
1087,56.12244897959183,63.0
1088,56.12244897959183,63.0
1089,56.12244897959183,63.0
1090,57.14285714285714,63.0
1091,57.14285714285714,63.0
1092,56.12244897959183,62.0
1093,55.10204081632652,61.0
1094,54.08163265306123,60.0
1095,54.08163265306123,60.0
1096,54.08163265306123,60.0
1097,54.08163265306123,60.0
1098,54.08163265306123,60.0
1099,55.10204081632652,60.0
1100,55.10204081632652,60.0
1101,56.12244897959183,60.0
1102,56.12244897959183,61.0
1103,56.56565656565656,62.0
1104,56.99999999999999,63.0
1105,57.99999999999999,64.0
1106,57.99999999999999,65.0
1107,59.0,66.0
1108,59.0,66.0
1109,60.0,66.0
1110,61.0,66.0
1111,62.0,67.0
1112,63.0,67.0
1113,64.0,66.0
1114,64.0,66.0
1115,64.0,66.0
1116,65.0,67.0
1117,66.0,68.0
1118,67.0,69.0
1119,67.0,70.0
1120,66.0,71.0
1121,66.0,71.0
1122,66.0,71.0
1123,66.0,71.0
1124,66.0,71.0
1125,66.0,71.0
1126,66.0,71.0
1127,67.0,72.0
1128,67.0,72.0
1129,68.0,73.0
1130,68.0,73.0
1131,69.0,72.0
1132,68.0,71.0
1133,68.0,70.0
1134,68.0,70.0
1135,68.0,70.0
1136,67.0,70.0
1137,66.0,70.0
1138,65.0,69.0
1139,65.0,69.0
1140,65.0,69.0
1141,65.0,68.0
1142,64.0,67.0
1143,65.0,68.0
1144,64.0,67.0
1145,64.0,67.0
1146,65.0,68.0
1147,65.0,69.0
1148,65.0,70.0
1149,65.0,70.0
1150,65.0,70.0
1151,65.0,70.0
1152,66.0,71.0
1153,66.0,71.0
1154,66.0,71.0
1155,66.0,70.0
1156,66.0,70.0
1157,66.0,70.0
1158,65.0,70.0
1159,64.0,70.0
1160,65.0,71.0
1161,65.0,71.0
1162,65.0,72.0
1163,65.0,73.0
1164,65.0,73.0
1165,65.0,73.0
1166,65.0,72.0
1167,65.0,72.0
1168,66.0,72.0
1169,66.0,71.0
1170,67.0,72.0
1171,67.0,72.0
1172,67.0,71.0
1173,67.0,70.0
1174,67.0,70.0
1175,67.0,71.0
1176,67.0,70.0
1177,67.0,71.0
1178,68.0,72.0
1179,69.0,73.0
1180,70.0,72.0
1181,69.0,72.0
1182,70.0,72.0
1183,70.0,73.0
1184,69.0,72.0
1185,69.0,72.0
1186,69.0,73.0
1187,68.0,73.0
1188,67.0,73.0
1189,66.0,73.0
1190,66.0,72.0
1191,65.0,72.0
1192,66.0,73.0
1193,67.0,74.0
1194,68.0,75.0
1195,68.0,75.0
1196,69.0,75.0
1197,69.0,74.0
1198,69.0,74.0
1199,69.0,74.0
1200,70.0,75.0
1201,70.0,75.0
1202,69.0,75.0
1203,69.0,75.0
1204,69.0,75.0
1205,69.0,75.0
1206,69.0,75.0
1207,69.0,75.0
1208,70.0,76.0
1209,69.0,77.0
1210,69.0,78.0
1211,69.0,78.0
1212,69.0,78.0
1213,68.0,79.0
1214,68.0,79.0
1215,67.0,79.0
1216,66.0,78.0
1217,66.0,78.0
1218,66.0,77.0
1219,66.0,77.0
1220,66.0,77.0
1221,66.0,77.0
1222,66.0,77.0
1223,65.0,77.0
1224,65.0,76.0
1225,64.0,76.0
1226,63.0,75.0
1227,62.0,74.0
1228,61.0,73.0
1229,61.0,73.0
1230,61.0,74.0
1231,61.0,75.0
1232,61.0,75.0
1233,62.0,76.0
1234,63.0,76.0
1235,63.0,75.0
1236,64.0,74.0
1237,65.0,74.0
1238,66.0,75.0
1239,66.0,75.0
1240,66.0,75.0
1241,66.0,76.0
1242,66.0,76.0
1243,66.0,76.0
1244,66.0,76.0
1245,66.0,76.0
1246,66.0,76.0
1247,66.0,76.0
1248,66.0,76.0
1249,66.0,76.0
1250,66.0,76.0
1251,66.0,76.0
1252,66.0,76.0
1253,66.0,76.0
1254,66.0,76.0
1255,66.0,77.0
1256,66.0,77.0
1257,66.0,77.0
1258,67.0,77.0
1259,68.0,77.0
1260,68.0,76.0
1261,67.0,76.0
1262,68.0,76.0
1263,67.0,76.0
1264,67.0,76.0
1265,68.0,77.0
1266,69.0,78.0
1267,70.0,79.0
1268,69.0,80.0
1269,70.0,81.0
1270,70.0,81.0
1271,70.0,81.0
1272,71.0,82.0
1273,72.0,83.0
1274,72.0,83.0
1275,73.0,83.0
1276,73.0,84.0
1277,73.0,83.0
1278,73.0,83.0
1279,73.0,83.0
1280,73.0,84.0
1281,73.0,83.0
1282,73.0,83.0
1283,73.0,83.0
1284,74.0,84.0
1285,74.0,84.0
1286,73.0,84.0
1287,74.0,84.0
1288,75.0,83.0
1289,76.0,83.0
1290,76.0,84.0
1291,76.0,84.0
1292,76.0,84.0
1293,75.0,84.0
1294,74.0,84.0
1295,73.0,84.0
1296,73.0,84.0
1297,72.0,85.0
1298,72.0,85.0
1299,71.0,84.0
1300,70.0,84.0
1301,69.0,83.0
1302,70.0,83.0
1303,70.0,83.0
1304,70.0,82.0
1305,70.0,82.0
1306,71.0,82.0
1307,71.0,82.0
1308,70.0,81.0
1309,70.0,81.0
1310,69.0,81.0
1311,68.0,80.0
1312,68.0,79.0
1313,68.0,78.0
1314,68.0,78.0
1315,69.0,78.0
1316,69.0,79.0
1317,69.0,78.0
1318,69.0,79.0
1319,69.0,79.0
1320,70.0,79.0
1321,70.0,79.0
1322,70.0,79.0
1323,71.0,79.0
1324,71.0,80.0
1325,72.0,80.0
1326,72.0,80.0
1327,72.0,80.0
1328,73.0,81.0
1329,73.0,81.0
1330,73.0,81.0
1331,73.0,81.0
1332,74.0,82.0
1333,74.0,82.0
1334,74.0,82.0
1335,75.0,83.0
1336,74.0,84.0
1337,74.0,84.0
1338,74.0,84.0
1339,74.0,84.0
1340,74.0,84.0
1341,73.0,84.0
1342,74.0,85.0
1343,73.0,84.0
1344,74.0,85.0
1345,73.0,85.0
1346,73.0,85.0
1347,73.0,85.0
1348,73.0,84.0
1349,73.0,84.0
1350,73.0,84.0
1351,72.0,83.0
1352,72.0,83.0
1353,71.0,83.0
1354,71.0,83.0
1355,71.0,83.0
1356,70.0,82.0
1357,70.0,82.0
1358,69.0,81.0
1359,69.0,81.0
1360,68.0,82.0
1361,68.0,82.0
1362,67.0,81.0
1363,68.0,81.0
1364,68.0,81.0
1365,68.0,81.0
1366,68.0,81.0
1367,68.0,80.0
1368,68.0,79.0
1369,68.0,79.0
1370,68.0,79.0
1371,68.0,79.0
1372,68.0,79.0
1373,68.0,79.0
1374,68.0,79.0
1375,68.0,79.0
1376,69.0,79.0
1377,70.0,80.0
1378,70.0,80.0
1379,69.0,80.0
1380,69.0,80.0
1381,70.0,81.0
1382,70.0,80.0
1383,70.0,80.0
1384,69.0,80.0
1385,69.0,80.0
1386,69.0,80.0
1387,68.0,80.0
1388,67.0,81.0
1389,66.0,80.0
1390,66.0,79.0
1391,66.0,79.0
1392,65.0,79.0
1393,66.0,79.0
1394,66.0,79.0
1395,67.0,79.0
1396,67.0,79.0
1397,68.0,79.0
1398,67.0,79.0
1399,67.0,79.0
1400,67.0,78.0
1401,68.0,79.0
1402,67.0,78.0
1403,66.0,77.0
1404,66.0,78.0
1405,66.0,78.0
1406,66.0,78.0
1407,65.0,77.0
1408,66.0,78.0
1409,67.0,78.0
1410,68.0,78.0
1411,68.0,78.0
1412,68.0,79.0
1413,69.0,80.0
1414,69.0,80.0
1415,69.0,80.0
1416,70.0,80.0
1417,69.0,80.0
1418,68.0,80.0
1419,68.0,80.0
1420,68.0,80.0
1421,68.0,80.0
1422,67.0,80.0
1423,67.0,80.0
1424,67.0,79.0
1425,67.0,79.0
1426,68.0,79.0
1427,69.0,79.0
1428,69.0,79.0
1429,69.0,79.0
1430,68.0,78.0
1431,68.0,78.0
1432,68.0,77.0
1433,67.0,77.0
1434,67.0,77.0
1435,66.0,77.0
1436,67.0,77.0
1437,67.0,77.0
1438,66.0,77.0
1439,66.0,77.0
1440,66.0,77.0
1441,67.0,77.0
1442,67.0,77.0
1443,67.0,78.0
1444,67.0,78.0
1445,68.0,78.0
1446,68.0,78.0
1447,68.0,78.0
1448,68.0,79.0
1449,68.0,79.0
1450,68.0,79.0
1451,69.0,80.0
1452,69.0,80.0
1453,70.0,79.0
1454,70.0,79.0
1455,70.0,79.0
1456,71.0,80.0
1457,71.0,80.0
1458,72.0,81.0
1459,72.0,81.0
1460,73.0,81.0
1461,74.0,81.0
1462,75.0,82.0
1463,74.0,82.0
1464,74.0,82.0
1465,74.0,81.0
1466,74.0,81.0
1467,74.0,81.0
1468,75.0,82.0
1469,74.0,82.0
1470,74.0,82.0
1471,74.0,82.0
1472,74.0,82.0
1473,74.0,82.0
1474,74.0,82.0
1475,74.0,82.0
1476,74.0,82.0
1477,74.0,81.0
1478,74.0,81.0
1479,75.0,81.0
1480,75.0,81.0
1481,75.0,81.0
1482,75.0,82.0
1483,75.0,82.0
1484,76.0,82.0
1485,76.0,82.0
1486,77.0,82.0
1487,78.0,82.0
1488,78.0,81.0
1489,79.0,82.0
1490,79.0,83.0
1491,79.0,82.0
1492,80.0,82.0
1493,80.0,82.0
1494,81.0,82.0
1495,81.0,82.0
1496,81.0,82.0
1497,81.0,82.0
1498,82.0,82.0
1499,83.0,83.0
1500,84.0,84.0
1501,84.0,84.0
1502,85.0,85.0
1503,86.0,86.0
1504,86.0,86.0
1505,86.0,86.0
1506,86.0,86.0
1507,87.0,87.0
1508,87.0,87.0
1509,87.0,87.0
1510,87.0,87.0
1511,88.0,88.0
1512,88.0,88.0
1513,88.0,88.0
1514,88.0,88.0
1515,88.0,88.0
1516,88.0,88.0
1517,89.0,89.0
1518,90.0,89.0
1519,90.0,89.0
1520,90.0,89.0
1521,90.0,89.0
1522,91.0,89.0
1523,91.0,89.0
1524,91.0,90.0
1525,91.0,90.0
1526,91.0,91.0
1527,91.0,92.0
1528,91.0,92.0
1529,91.0,92.0
1530,92.0,93.0
1531,92.0,93.0
1532,92.0,94.0
1533,93.0,94.0
1534,93.0,94.0
1535,94.0,94.0
1536,94.0,94.0
1537,94.0,94.0
1538,95.0,94.0
1539,95.0,94.0
1540,95.0,94.0
1541,95.0,94.0
1542,95.0,94.0
1543,96.0,94.0
1544,96.0,94.0
1545,96.0,94.0
1546,96.0,94.0
1547,96.0,94.0
1548,96.0,94.0
1549,96.0,93.0
1550,96.0,93.0
1551,96.0,93.0
1552,96.0,93.0
1553,96.0,94.0
1554,96.0,94.0
1555,96.0,94.0
1556,96.0,93.0
1557,96.0,93.0
1558,96.0,93.0
1559,96.0,93.0
1560,96.0,93.0
1561,96.0,93.0
1562,96.0,93.0
1563,97.0,93.0
1564,97.0,93.0
1565,97.0,94.0
1566,97.0,94.0
1567,97.0,95.0
1568,97.0,95.0
1569,97.0,94.0
1570,97.0,94.0
1571,97.0,94.0
1572,97.0,94.0
1573,97.0,94.0
1574,97.0,94.0
1575,97.0,94.0
1576,97.0,94.0
1577,97.0,95.0
1578,96.0,94.0
1579,96.0,94.0
1580,96.0,94.0
1581,96.0,94.0
1582,96.0,94.0
1583,96.0,94.0
1584,96.0,94.0
1585,96.0,94.0
1586,95.0,93.0
1587,95.0,93.0
1588,95.0,93.0
1589,95.0,93.0
1590,95.0,93.0
1591,96.0,94.0
1592,96.0,94.0
1593,95.0,94.0
1594,95.0,93.0
1595,95.0,93.0
1596,95.0,93.0
1597,95.0,93.0
1598,95.0,93.0
1599,95.0,93.0
1600,95.0,93.0
1601,95.0,93.0
1602,95.0,93.0
1603,95.0,92.0
1604,95.0,91.0
1605,94.0,90.0
1606,94.0,90.0
1607,94.0,90.0
1608,94.0,89.0
1609,94.0,89.0
1610,94.0,89.0
1611,94.0,89.0
1612,94.0,89.0
1613,94.0,88.0
1614,94.0,88.0
1615,94.0,88.0
1616,94.0,88.0
1617,94.0,88.0
1618,94.0,88.0
1619,94.0,88.0
1620,94.0,88.0
1621,94.0,88.0
1622,94.0,88.0
1623,94.0,88.0
1624,94.0,88.0
1625,94.0,88.0
1626,94.0,88.0
1627,94.0,88.0
1628,94.0,88.0
1629,94.0,88.0
1630,93.0,87.0
1631,93.0,87.0
1632,93.0,87.0
1633,93.0,87.0
1634,93.0,87.0
1635,93.0,87.0
1636,93.0,87.0
1637,92.0,86.0
1638,92.0,86.0
1639,92.0,86.0
1640,91.0,85.0
1641,91.0,85.0
1642,91.0,85.0
1643,91.0,85.0
1644,91.0,85.0
1645,91.0,85.0
1646,91.0,85.0
1647,91.0,84.0
1648,91.0,84.0
1649,91.0,85.0
1650,91.0,85.0
1651,90.9090909090909,84.0
1652,89.8989898989899,84.0
1653,88.88888888888889,84.0
1654,88.88888888888889,84.0
1655,87.87878787878788,84.0
1656,86.86868686868688,84.0
1657,86.86868686868688,84.0
1658,85.85858585858585,83.0
1659,84.84848484848484,82.0
1660,84.84848484848484,82.0
1661,83.83838383838383,81.0
1662,83.83838383838383,81.0
1663,82.82828282828282,80.0
1664,81.81818181818183,79.0
1665,80.8080808080808,78.0
1666,80.8080808080808,78.0
1667,80.8080808080808,78.0
1668,80.8080808080808,77.0
1669,80.8080808080808,77.0
1670,79.7979797979798,77.0
1671,79.7979797979798,77.0
1672,78.78787878787878,76.0
1673,78.78787878787878,75.0
1674,78.78787878787878,75.0
1675,77.77777777777779,74.0
1676,76.76767676767676,73.0
1677,76.76767676767676,72.0
1678,77.77777777777779,73.0
1679,77.77777777777779,73.0
1680,77.77777777777779,73.0
1681,76.76767676767676,72.0
1682,76.76767676767676,72.0
1683,76.76767676767676,72.0
1684,75.75757575757575,71.0
1685,75.75757575757575,71.0
1686,75.75757575757575,71.0
1687,75.75757575757575,71.0
1688,76.76767676767676,72.0
1689,76.76767676767676,72.0
1690,75.75757575757575,71.0
1691,74.74747474747475,70.0
1692,74.74747474747475,70.0
1693,75.75757575757575,70.0
1694,75.75757575757575,71.0
1695,75.75757575757575,70.0
1696,75.75757575757575,69.0
1697,74.74747474747475,68.0
1698,74.74747474747475,68.0
1699,73.73737373737373,67.0
1700,73.73737373737373,66.0
1701,73.73737373737373,66.0
1702,73.73737373737373,65.0
1703,73.73737373737373,66.0
1704,72.72727272727273,66.0
1705,72.72727272727273,66.0
1706,72.72727272727273,66.0
1707,72.72727272727273,66.0
1708,72.72727272727273,67.0
1709,72.72727272727273,67.0
1710,72.72727272727273,67.0
1711,71.71717171717171,66.0
1712,71.71717171717171,65.0
1713,71.71717171717171,66.0
1714,71.71717171717171,66.0
1715,71.71717171717171,66.0
1716,71.71717171717171,66.0
1717,71.71717171717171,66.0
1718,71.71717171717171,66.0
1719,70.70707070707071,66.0
1720,70.70707070707071,66.0
1721,70.70707070707071,66.0
1722,70.70707070707071,66.0
1723,70.70707070707071,66.0
1724,69.6969696969697,66.0
1725,68.68686868686868,66.0
1726,68.68686868686868,66.0
1727,68.68686868686868,66.0
1728,68.68686868686868,66.0
1729,68.68686868686868,66.0
1730,69.6969696969697,67.0
1731,69.6969696969697,67.0
1732,68.68686868686868,66.0
1733,68.68686868686868,66.0
1734,67.67676767676768,65.0
1735,67.67676767676768,64.0
1736,66.66666666666666,63.0
1737,66.66666666666666,64.0
1738,66.66666666666666,64.0
1739,65.65656565656566,63.0
1740,65.65656565656566,63.0
1741,64.64646464646465,62.0
1742,63.63636363636363,61.0
1743,62.62626262626263,61.0
1744,62.62626262626263,61.0
1745,62.62626262626263,61.0
1746,62.62626262626263,61.0
1747,62.62626262626263,62.0
1748,62.62626262626263,62.0
1749,62.62626262626263,61.0
1750,61.61616161616161,60.0
1751,62.0,60.0
1752,62.0,59.0
1753,63.0,59.0
1754,63.0,59.0
1755,63.0,57.99999999999999
1756,63.0,57.99999999999999
1757,62.0,56.99999999999999
1758,62.0,57.57575757575758
1759,63.0,58.58585858585859
1760,62.0,58.58585858585859
1761,62.0,58.58585858585859
1762,62.0,58.58585858585859
1763,63.0,59.59595959595959
1764,63.0,59.59595959595959
1765,64.0,60.60606060606061
1766,64.0,60.60606060606061
1767,64.0,60.60606060606061
1768,64.0,61.61616161616161
1769,65.0,62.62626262626263
1770,66.0,62.62626262626263
1771,66.0,62.62626262626263
1772,67.0,63.63636363636363
1773,67.0,64.64646464646465
1774,66.0,63.63636363636363
1775,67.0,64.64646464646465
1776,68.0,65.65656565656566
1777,68.0,66.66666666666666
1778,68.0,65.65656565656566
1779,68.0,65.65656565656566
1780,68.0,65.65656565656566
1781,69.0,66.66666666666666
1782,69.0,65.65656565656566
1783,68.0,64.64646464646465
1784,69.0,65.65656565656566
1785,69.0,65.65656565656566
1786,70.0,66.66666666666666
1787,69.0,66.66666666666666
1788,69.0,66.66666666666666
1789,68.0,66.66666666666666
1790,69.0,67.67676767676768
1791,69.0,67.67676767676768
1792,68.0,66.66666666666666
1793,67.0,65.65656565656566
1794,66.0,64.64646464646465
1795,65.0,64.64646464646465
1796,64.0,65.65656565656566
1797,64.0,65.65656565656566
1798,63.0,65.65656565656566
1799,64.0,66.66666666666666
1800,64.0,67.67676767676768
1801,64.0,67.67676767676768
1802,64.0,68.68686868686868
1803,64.0,68.68686868686868
1804,65.0,69.6969696969697
1805,66.0,70.70707070707071
1806,66.0,70.70707070707071
1807,66.0,70.70707070707071
1808,65.0,69.6969696969697
1809,65.0,69.6969696969697
1810,64.0,68.68686868686868
1811,65.0,68.68686868686868
1812,65.0,69.6969696969697
1813,65.0,69.6969696969697
1814,65.0,69.6969696969697
1815,65.0,69.6969696969697
1816,65.0,69.6969696969697
1817,65.0,69.6969696969697
1818,65.0,69.6969696969697
1819,65.0,68.68686868686868
1820,65.0,68.68686868686868
1821,65.0,68.68686868686868
1822,64.0,67.67676767676768
1823,64.0,67.67676767676768
1824,65.0,66.66666666666666
1825,66.0,66.66666666666666
1826,66.0,66.66666666666666
1827,65.0,65.65656565656566
1828,65.0,65.65656565656566
1829,64.0,64.64646464646465
1830,64.0,64.64646464646465
1831,64.0,64.64646464646465
1832,65.0,65.65656565656566
1833,65.0,65.65656565656566
1834,66.0,66.66666666666666
1835,66.0,67.67676767676768
1836,66.0,68.68686868686868
1837,67.0,68.68686868686868
1838,67.0,68.68686868686868
1839,67.0,68.68686868686868
1840,67.0,68.68686868686868
1841,68.0,69.6969696969697
1842,69.0,70.70707070707071
1843,70.0,69.6969696969697
1844,70.0,69.6969696969697
1845,70.0,69.6969696969697
1846,70.0,69.6969696969697
1847,70.0,69.6969696969697
1848,70.0,69.6969696969697
1849,70.0,70.70707070707071
1850,71.0,71.71717171717171
1851,71.0,72.72727272727273
1852,72.0,73.73737373737373
1853,72.0,73.73737373737373
1854,72.0,73.73737373737373
1855,73.0,74.74747474747475
1856,74.0,75.75757575757575
1857,75.0,76.76767676767676
1858,76.0,77.0
1859,76.0,77.0
1860,77.0,77.0
1861,78.0,78.0
1862,78.0,78.0
1863,78.0,77.0
1864,79.0,77.0
1865,79.0,77.0
1866,79.0,76.0
1867,78.0,76.0
1868,78.0,76.0
1869,78.0,76.0
1870,77.0,75.0
1871,76.0,74.0
1872,75.0,73.0
1873,75.0,73.0
1874,76.0,74.0
1875,75.0,73.0
1876,75.0,73.0
1877,74.0,72.0
1878,74.0,73.0
1879,74.0,73.0
1880,74.0,73.0
1881,74.0,73.0
1882,73.0,74.0
1883,74.0,75.0
1884,73.0,74.0
1885,73.0,74.0
1886,73.0,74.0
1887,74.0,74.0
1888,74.0,74.0
1889,75.0,74.0
1890,75.0,73.0
1891,76.0,74.0
1892,77.0,75.0
1893,77.0,75.0
1894,78.0,76.0
1895,79.0,77.0
1896,80.0,77.0
1897,80.0,78.0
1898,81.0,78.0
1899,81.0,78.0
1900,81.0,78.0
1901,81.0,78.0
1902,80.0,77.0
1903,80.0,77.0
1904,80.0,77.0
1905,80.0,77.0
1906,80.0,77.0
1907,80.0,77.0
1908,80.0,78.0
1909,80.0,78.0
1910,80.0,79.0
1911,80.0,80.0
1912,80.0,80.0
1913,80.0,80.0
1914,80.0,80.0
1915,80.0,80.0
1916,80.0,80.0
1917,80.0,80.0
1918,80.0,80.0
1919,80.0,80.0
1920,79.0,80.0
1921,79.0,80.0
1922,80.0,81.0
1923,80.0,81.0
1924,80.0,82.0
1925,80.0,81.0
1926,80.0,81.0
1927,80.0,82.0
1928,80.0,82.0
1929,81.0,83.0
1930,81.0,83.0
1931,81.0,83.0
1932,81.0,83.0
1933,81.0,83.0
1934,80.0,82.0
1935,80.0,82.0
1936,81.0,82.0
1937,81.0,82.0
1938,80.0,81.0
1939,81.0,82.0
1940,82.0,83.0
1941,82.0,83.0
1942,82.0,83.0
1943,82.0,84.0
1944,82.0,84.0
1945,81.0,83.0
1946,81.0,83.0
1947,80.0,82.0
1948,80.0,82.0
1949,79.0,81.0
1950,78.0,80.0
1951,78.0,80.0
1952,77.0,79.0
1953,76.0,79.0
1954,76.0,79.0
1955,75.0,78.0
1956,74.0,78.0
1957,74.0,78.0
1958,74.0,78.0
1959,73.0,77.0
1960,73.0,76.0
1961,73.0,76.0
1962,73.0,76.0
1963,73.0,77.0
1964,73.0,78.0
1965,73.0,78.0
1966,73.0,79.0
1967,74.0,79.0
1968,74.0,79.0
1969,74.0,78.0
1970,74.0,79.0
1971,74.0,79.0
1972,74.0,79.0
1973,74.0,79.0
1974,74.0,79.0
1975,75.0,80.0
1976,75.0,80.0
1977,75.0,80.0
1978,75.0,80.0
1979,75.0,80.0
1980,75.0,79.0
1981,75.0,79.0
1982,76.0,79.0
1983,76.0,79.0
1984,77.0,79.0
1985,77.0,79.0
1986,77.0,79.0
1987,77.0,79.0
1988,77.0,79.0
1989,76.0,78.0
1990,76.0,79.0
1991,76.0,79.0
1992,76.0,79.0
1993,77.0,80.0
1994,77.0,79.0
1995,76.0,78.0
1996,76.0,78.0
1997,77.0,77.0
1998,77.0,77.0
1999,77.0,77.0
2000,77.0,77.0
2001,77.0,77.0
2002,78.0,78.0
2003,78.0,78.0
2004,78.0,77.0
2005,78.0,77.0
2006,77.0,76.0
2007,77.0,76.0
2008,78.0,76.0
2009,77.0,75.0
2010,78.0,75.0
2011,78.0,75.0
2012,77.0,75.0
2013,76.0,74.0
2014,76.0,74.0
2015,76.0,74.0
2016,75.0,74.0
2017,75.0,74.0
2018,75.0,74.0
2019,76.0,75.0
2020,77.0,75.0
2021,77.0,75.0
2022,77.0,75.0
2023,77.0,75.0
2024,77.0,75.0
2025,77.0,76.0
2026,77.0,76.0
2027,77.0,75.0
2028,76.0,74.0
2029,75.0,73.0
2030,75.0,73.0
2031,75.0,73.0
2032,74.0,72.0
2033,74.0,72.0
2034,75.0,73.0
2035,75.0,73.0
2036,75.0,73.0
2037,75.0,73.0
2038,76.0,74.0
2039,76.0,74.0
2040,76.0,74.0
2041,76.0,74.0
2042,76.0,74.0
2043,76.0,74.0
2044,75.0,73.0
2045,76.0,74.0
2046,76.0,74.0
2047,76.0,74.0
2048,75.0,74.0
2049,76.0,75.0
2050,77.0,76.0
2051,77.0,76.0
2052,77.0,76.0
2053,77.0,76.0
2054,77.0,76.0
2055,77.0,77.0
2056,77.0,77.0
2057,77.0,77.0
2058,77.0,77.0
2059,77.0,78.0
2060,77.0,79.0
2061,77.0,79.0
2062,77.0,79.0
2063,77.0,79.0
2064,77.0,79.0
2065,77.0,79.0
2066,77.0,79.0
2067,77.0,79.0
2068,77.0,79.0
2069,77.0,80.0
2070,77.0,79.0
2071,78.0,80.0
2072,79.0,81.0
2073,79.0,80.0
2074,79.0,80.0
2075,79.0,80.0
2076,79.0,80.0
2077,80.0,81.0
2078,80.0,81.0
2079,80.0,81.0
2080,80.0,81.0
2081,80.0,81.0
2082,80.0,81.0
2083,79.0,80.0
2084,78.0,81.0
2085,78.0,81.0
2086,78.0,81.0
2087,78.0,81.0
2088,78.0,81.0
2089,78.0,81.0
2090,78.0,81.0
2091,77.0,80.0
2092,77.0,80.0
2093,77.0,80.0
2094,77.0,81.0
2095,77.0,81.0
2096,76.0,81.0
2097,76.0,82.0
2098,76.0,82.0
2099,76.0,81.0
2100,76.0,81.0
2101,76.0,81.0
2102,76.0,81.0
2103,76.0,81.0
2104,75.0,81.0
2105,74.0,81.0
2106,75.0,82.0
2107,75.0,81.0
2108,74.0,80.0
2109,75.0,81.0
2110,75.0,81.0
2111,75.0,81.0
2112,75.0,80.0
2113,76.0,81.0
2114,75.0,80.0
2115,74.0,80.0
2116,74.0,79.0
2117,74.0,79.0
2118,74.0,79.0
2119,74.0,79.0
2120,74.0,79.0
2121,74.0,79.0
2122,74.0,79.0
2123,74.0,79.0
2124,74.0,79.0
2125,74.0,79.0
2126,74.0,79.0
2127,75.0,80.0
2128,75.0,80.0
2129,76.0,81.0
2130,76.0,81.0
2131,76.0,81.0
2132,76.0,81.0
2133,76.0,81.0
2134,76.0,81.0
2135,76.0,81.0
2136,76.0,81.0
2137,76.0,81.0
2138,76.0,81.0
2139,76.0,81.0
2140,76.0,81.0
2141,76.0,81.0
2142,76.0,81.0
2143,76.0,81.0
2144,77.0,82.0
2145,77.0,82.0
2146,77.0,82.0
2147,78.0,83.0
2148,79.0,83.0
2149,79.0,83.0
2150,79.0,83.0
2151,79.0,83.0
2152,80.0,84.0
2153,81.0,84.0
2154,81.0,84.0
2155,82.0,84.0
2156,83.0,84.0
2157,83.0,84.0
2158,83.0,84.0
2159,84.0,84.0
2160,84.0,84.0
2161,84.0,84.0
2162,84.0,84.0
2163,84.0,84.0
2164,83.0,84.0
2165,83.0,84.0
2166,83.0,84.0
2167,82.0,83.0
2168,82.0,83.0
2169,82.0,83.0
2170,82.0,83.0
2171,82.0,83.0
2172,82.0,83.0
2173,82.0,84.0
2174,82.0,84.0
2175,82.0,84.0
2176,82.0,84.0
2177,82.0,84.0
2178,82.0,84.0
2179,82.0,84.0
2180,82.0,85.0
2181,82.0,85.0
2182,82.0,84.0
2183,83.0,85.0
2184,84.0,85.0
2185,83.0,85.0
2186,83.0,84.0
2187,83.0,84.0
2188,83.0,84.0
2189,83.0,84.0
2190,83.0,84.0
2191,84.0,85.0
2192,84.0,85.0
2193,84.0,85.0
2194,84.0,85.0
2195,85.0,86.0
2196,86.0,86.0
2197,86.0,86.0
2198,86.0,86.0
2199,86.0,87.0
2200,86.0,87.0
2201,86.0,87.0
2202,86.0,87.0
2203,86.0,87.0
2204,87.0,88.0
2205,88.0,88.0
2206,88.0,88.0
2207,87.0,89.0
2208,88.0,90.0
2209,88.0,89.0
2210,88.0,89.0
2211,87.0,88.0
2212,87.0,89.0
2213,87.0,89.0
2214,88.0,90.0
2215,88.0,89.0
2216,89.0,90.0
2217,89.0,90.0
2218,88.0,90.0
2219,88.0,90.0
2220,88.0,89.0
2221,88.0,89.0
2222,88.0,89.0
2223,88.0,89.0
2224,88.0,89.0
2225,88.0,89.0
2226,88.0,89.0
2227,87.0,89.0
2228,87.0,90.0
2229,87.0,90.0
2230,86.0,89.0
2231,85.0,88.0
2232,86.0,89.0
2233,86.0,89.0
2234,85.0,89.0
2235,85.0,89.0
2236,85.0,89.0
2237,84.0,89.0
2238,84.0,89.0
2239,84.0,89.0
2240,84.0,89.0
2241,84.0,89.0
2242,83.0,89.0
2243,82.0,88.0
2244,82.0,87.0
2245,82.0,87.0
2246,81.0,87.0
2247,81.0,87.0
2248,81.0,87.0
2249,81.0,87.0
2250,81.0,87.0
2251,81.0,87.0
2252,81.0,87.0
2253,81.0,87.0
2254,81.0,87.0
2255,81.0,87.0
2256,81.0,87.0
2257,81.0,87.0
2258,81.0,87.0
2259,81.0,87.0
2260,80.0,86.0
2261,80.0,86.0
2262,80.0,86.0
2263,80.0,86.0
2264,81.0,86.0
2265,81.0,86.0
2266,81.0,86.0
2267,82.0,87.0
2268,82.0,87.0
2269,82.0,87.0
2270,83.0,88.0
2271,83.0,88.0
2272,83.0,88.0
2273,83.0,88.0
2274,83.0,88.0
2275,83.0,88.0
2276,83.0,88.0
2277,83.0,88.0
2278,82.0,88.0
2279,82.0,88.0
2280,82.0,88.0
2281,82.0,88.0
2282,82.0,89.0
2283,82.0,89.0
2284,81.0,88.0
2285,82.0,88.0
2286,82.0,88.0
2287,82.0,88.0
2288,82.0,88.0
2289,83.0,89.0
2290,83.0,89.0
2291,83.0,89.0
2292,83.0,89.0
2293,83.0,89.0
2294,83.0,89.0
2295,83.0,89.0
2296,83.0,89.0
2297,83.0,89.0
2298,83.0,89.0
2299,83.0,89.0
2300,83.0,89.0
2301,83.0,89.0
2302,83.0,89.0
2303,83.0,89.0
2304,83.0,89.0
2305,83.0,89.0
2306,82.0,88.0
2307,83.0,87.0
2308,83.0,87.0
2309,82.0,87.0
2310,82.0,87.0
2311,83.0,88.0
2312,83.0,88.0
2313,82.0,87.0
2314,81.0,87.0
2315,82.0,88.0
2316,82.0,88.0
2317,82.0,88.0
2318,83.0,88.0
2319,83.0,88.0
2320,83.0,89.0
2321,83.0,89.0
2322,83.0,89.0
2323,83.0,89.0
2324,83.0,89.0
2325,82.0,89.0
2326,81.0,88.0
2327,82.0,88.0
2328,83.0,88.0
2329,83.0,88.0
2330,84.0,89.0
2331,85.0,90.0
2332,85.0,90.0
2333,85.0,90.0
2334,86.0,90.0
2335,86.0,90.0
2336,86.0,90.0
2337,87.0,90.0
2338,87.0,90.0
2339,87.0,90.0
2340,87.0,90.0
2341,87.0,90.0
2342,88.0,90.0
2343,89.0,91.0
2344,89.0,92.0
2345,89.0,92.0
2346,90.0,92.0
2347,90.0,92.0
2348,90.0,92.0
2349,89.0,91.0
2350,89.0,91.0
2351,89.0,91.0
2352,88.0,90.0
2353,87.0,90.0
2354,87.0,90.0
2355,87.0,90.0
2356,87.0,90.0
2357,87.0,90.0
2358,87.0,90.0
2359,87.0,90.0
2360,88.0,91.0
2361,88.0,91.0
2362,88.0,91.0
2363,88.0,91.0
2364,88.0,91.0
2365,88.0,91.0
2366,88.0,91.0
2367,88.0,91.0
2368,88.0,91.0
2369,88.0,91.0
2370,88.0,91.0
2371,88.0,91.0
2372,88.0,91.0
2373,88.0,91.0
2374,88.0,91.0
2375,88.0,91.0
2376,88.0,91.0
2377,88.0,91.0
2378,89.0,91.0
2379,89.0,91.0
2380,89.0,91.0
2381,89.0,91.0
2382,89.0,91.0
2383,89.0,91.0
2384,90.0,92.0
2385,90.0,92.0
2386,90.0,93.0
2387,90.0,93.0
2388,90.0,93.0
2389,89.0,93.0
2390,89.0,93.0
2391,89.0,93.0
2392,89.0,93.0
2393,89.0,93.0
2394,89.0,93.0
2395,88.0,92.0
2396,87.0,91.0
2397,87.0,91.0
2398,87.0,91.0
2399,86.0,91.0
2400,85.0,90.0
2401,85.0,90.0
2402,85.0,90.0
2403,84.0,89.0
2404,84.0,89.0
2405,84.0,89.0
2406,85.0,90.0
2407,85.0,91.0
2408,84.0,90.0
2409,85.0,91.0
2410,85.0,91.0
2411,85.0,91.0
2412,86.0,91.0
2413,86.0,91.0
2414,87.0,91.0
2415,87.0,91.0
2416,87.0,91.0
2417,87.0,91.0
2418,87.0,91.0
2419,87.0,91.0
2420,87.0,91.0
2421,87.0,91.0
2422,87.0,91.0
2423,87.0,91.0
2424,87.0,91.0
2425,88.0,91.0
2426,89.0,92.0
2427,89.0,91.0
2428,89.0,91.0
2429,88.0,91.0
2430,87.0,91.0
