Position,Coverage
1,220
2,218
3,221
4,221
5,216
6,221
7,214
8,215
9,216
10,219
11,214
12,215
13,215
14,216
15,250
16,251
17,253
18,252
19,256
20,269
21,267
22,278
23,280
24,280
25,279
26,280
27,280
28,279
29,279
30,280
31,277
32,279
33,278
34,281
35,281
36,281
37,283
38,283
39,287
40,280
41,277
42,277
43,276
44,274
45,274
46,279
47,285
48,284
49,288
50,286
51,286
52,286
53,286
54,291
55,291
56,290
57,290
58,295
59,301
60,304
61,302
62,302
63,305
64,305
65,304
66,312
67,298
68,283
69,284
70,279
71,277
72,276
73,278
74,280
75,289
76,289
77,288
78,287
79,287
80,287
81,285
82,287
83,285
84,289
85,288
86,289
87,289
88,281
89,287
90,283
91,286
92,286
93,285
94,285
95,285
96,286
97,286
98,285
99,283
100,280
101,280
102,281
103,282
104,281
105,281
106,281
107,281
108,281
109,281
110,284
111,286
112,286
113,290
114,289
115,289
116,288
117,288
118,289
119,289
120,289
121,290
122,290
123,289
124,290
125,291
126,292
127,291
128,290
129,290
130,290
131,292
132,292
133,289
134,289
135,288
136,288
137,288
138,287
139,283
140,282
141,282
142,285
143,283
144,283
145,282
146,282
147,281
148,278
149,280
150,280
151,281
152,274
153,274
154,274
155,275
156,274
157,275
158,276
159,282
160,285
161,284
162,279
163,281
164,280
165,283
166,281
167,277
168,276
169,275
170,277
171,277
172,275
173,272
174,275
175,273
176,242
177,242
178,239
179,238
180,236
181,218
182,223
183,211
184,211
185,211
186,215
187,215
188,218
189,222
190,227
191,228
192,228
193,230
194,227
195,228
196,227
197,230
198,228
199,228
200,227
201,227
202,228
203,228
204,237
205,233
206,234
207,229
208,230
209,231
210,229
211,221
212,222
213,224
214,227
215,226
216,241
217,230
218,230
219,230
220,228
221,226
222,226
223,229
224,229
225,221
226,211
227,211
228,213
229,213
230,217
231,217
232,217
233,217
234,217
235,214
236,214
237,214
238,217
239,217
240,213
241,213
242,210
243,209
244,209
245,210
246,210
247,207
248,207
249,208
250,208
251,207
252,207
253,207
254,212
255,213
256,210
257,208
258,210
259,201
260,201
261,201
262,202
263,203
264,211
265,211
266,211
267,209
268,209
269,209
270,212
271,210
272,215
273,215
274,215
275,215
276,215
277,213
278,213
279,214
280,214
281,214
282,216
283,216
284,216
285,217
286,218
287,218
288,215
289,216
290,216
291,217
292,217
293,218
294,218
295,216
296,216
297,216
298,216
299,216
300,218
301,217
302,217
303,217
304,217
305,216
306,220
307,220
308,219
309,211
310,208
311,210
312,210
313,212
314,211
315,208
316,208
317,211
318,210
319,210
320,210
321,210
322,210
323,210
324,210
325,210
326,210
327,210
328,211
329,208
330,205
331,211
332,214
333,214
334,214
335,211
336,210
337,208
338,212
339,212
340,213
341,207
342,207
343,208
344,208
345,206
346,206
347,203
348,199
349,193
350,196
351,197
352,196
353,198
354,197
355,196
356,194
357,192
358,192
359,193
360,193
361,192
362,194
363,181
364,179
365,179
366,179
367,175
368,174
369,171
370,171
371,167
372,166
373,163
374,163
375,153
376,156
377,164
378,165
379,167
380,169
381,168
382,166
383,164
384,164
385,168
386,168
387,170
388,172
389,169
390,171
391,171
392,173
393,174
394,178
395,186
396,185
397,184
398,186
399,185
400,187
401,195
402,210
403,212
404,211
405,210
406,213
407,214
408,213
409,214
410,218
411,227
412,231
413,225
414,225
415,225
416,225
417,224
418,225
419,226
420,226
421,225
422,224
423,215
424,216
425,217
426,229
427,231
428,233
429,228
430,228
431,221
432,221
433,222
434,222
435,223
436,227
437,229
438,233
439,238
440,238
441,236
442,236
443,244
444,245
445,250
446,250
447,250
448,250
449,253
450,252
451,256
452,255
453,255
454,257
455,257
456,257
457,256
458,257
459,256
460,258
461,254
462,252
463,257
464,260
465,265
466,264
467,264
468,261
469,260
470,259
471,259
472,259
473,259
474,259
475,259
476,259
477,259
478,259
479,259
480,259
481,259
482,259
483,259
484,259
485,259
486,259
487,260
488,260
489,256
490,259
491,257
492,257
493,257
494,257
495,257
496,252
497,251
498,249
499,248
500,248
501,248
502,249
503,246
504,246
505,244
506,244
507,245
508,245
509,245
510,244
511,244
512,242
513,241
514,241
515,240
516,239
517,233
518,234
519,233
520,231
521,231
522,231
523,232
524,232
525,236
526,235
527,236
528,237
529,238
530,238
531,238
532,237
533,237
534,236
535,235
536,235
537,238
538,238
539,237
540,239
541,238
542,237
543,236
544,231
545,230
546,228
547,226
548,226
549,226
550,226
551,226
552,225
553,226
554,225
555,222
556,222
557,218
558,220
559,218
560,217
561,222
562,222
563,218
564,220
565,214
566,208
567,209
568,207
569,205
570,204
571,202
572,195
573,180
574,179
575,180
576,180
577,177
578,177
579,178
580,180
581,180
582,171
583,166
584,166
585,167
586,169
587,169
588,170
589,170
590,168
591,170
592,177
593,176
594,178
595,180
596,183
597,174
598,172
599,176
600,176
601,176
602,178
603,179
604,178
605,180
606,180
607,177
608,181
609,177
610,172
611,172
612,173
613,173
614,166
615,165
616,159
617,159
618,164
619,163
620,160
621,160
622,156
623,156
624,158
625,156
626,154
627,154
628,154
629,153
630,153
631,160
632,161
633,161
634,158
635,156
636,150
637,153
638,156
639,156
640,157
641,159
642,159
643,159
644,156
645,157
646,161
647,161
648,160
649,160
650,162
651,162
652,165
653,170
654,169
655,168
656,170
657,169
658,169
659,173
660,172
661,174
662,173
663,179
664,182
665,183
666,184
667,184
668,183
669,183
670,183
671,186
672,186
673,184
674,184
675,180
676,180
677,180
678,179
679,177
680,177
681,178
682,178
683,179
684,179
685,179
686,179
687,176
688,176
689,176
690,171
691,174
692,170
693,168
694,166
695,166
696,168
697,168
698,169
699,170
700,168
701,172
702,171
703,171
704,169
705,169
706,169
707,162
708,162
709,161
710,158
711,158
712,157
713,156
714,161
715,161
716,161
717,162
718,162
719,162
720,161
721,160
722,160
723,162
724,168
725,167
726,167
727,163
728,163
729,165
730,168
731,168
732,168
733,166
734,166
735,164
736,164
737,164
738,162
739,155
740,156
741,154
742,152
743,149
744,146
745,146
746,140
747,140
748,140
749,138
750,138
751,139
752,137
753,136
754,135
755,134
756,135
757,137
758,136
759,137
760,137
761,137
762,139
763,140
764,141
765,137
766,137
767,138
768,140
769,140
770,140
771,138
772,139
773,143
774,147
775,147
776,148
777,148
778,139
779,139
780,139
781,138
782,138
783,138
784,137
785,137
786,137
787,137
788,137
789,133
790,133
791,133
792,132
793,130
794,129
795,128
796,129
797,131
798,127
799,134
800,135
801,134
802,131
803,131
804,128
805,123
806,125
807,125
808,124
809,148
810,157
811,156
812,157
813,155
814,155
815,149
816,149
817,148
818,148
819,148
820,148
821,147
822,148
823,148
824,152
825,152
826,152
827,152
828,153
829,153
830,154
831,153
832,154
833,166
834,166
835,169
836,170
837,175
838,180
839,182
840,184
841,184
842,190
843,187
844,187
845,188
846,188
847,189
848,188
849,188
850,187
851,186
852,186
853,187
854,194
855,194
856,194
857,195
858,195
859,196
860,199
861,200
862,204
863,205
864,205
865,208
866,204
867,204
868,205
869,210
870,211
871,211
872,211
873,212
874,210
875,211
876,204
877,205
878,202
879,202
880,200
881,198
882,206
883,207
884,209
885,210
886,211
887,211
888,211
889,211
890,215
891,214
892,217
893,218
894,217
895,217
896,218
897,219
898,220
899,221
900,225
901,224
902,223
903,226
904,226
905,227
906,222
907,220
908,218
909,218
910,216
911,216
912,215
913,216
914,218
915,218
916,218
917,220
918,220
919,218
920,223
921,223
922,224
923,223
924,220
925,217
926,218
927,222
928,224
929,224
930,225
931,226
932,225
933,237
934,239
935,239
936,237
937,239
938,240
939,239
940,239
941,242
942,241
943,239
944,239
945,232
946,232
947,231
948,231
949,231
950,234
951,237
952,235
953,235
954,233
955,209
956,200
957,198
958,199
959,200
960,201
961,201
962,198
963,200
964,199
965,203
966,202
967,202
968,205
969,203
970,213
971,213
972,214
973,216
974,217
975,216
976,220
977,220
978,219
979,206
980,207
981,206
982,208
983,203
984,200
985,199
986,197
987,197
988,191
989,192
990,192
991,194
992,195
993,196
994,195
995,195
996,196
997,197
998,198
999,193
1000,187
1001,187
1002,187
1003,186
1004,186
1005,185
1006,182
1007,182
1008,178
1009,177
1010,177
1011,174
1012,174
1013,174
1014,175
1015,169
1016,167
1017,169
1018,172
1019,171
1020,172
1021,173
1022,174
1023,174
1024,175
1025,178
1026,179
1027,180
1028,173
1029,172
1030,173
1031,172
1032,171
1033,174
1034,179
1035,182
1036,179
1037,182
1038,182
1039,182
1040,182
1041,187
1042,186
1043,186
1044,187
1045,187
1046,183
1047,183
1048,183
1049,182
1050,182
1051,181
1052,181
1053,181
1054,183
1055,183
1056,183
1057,184
1058,186
1059,183
1060,181
1061,187
1062,186
1063,189
1064,190
1065,190
1066,186
1067,188
1068,187
1069,187
1070,187
1071,187
1072,185
1073,185
1074,185
1075,185
1076,185
1077,185
1078,185
1079,185
1080,185
1081,182
1082,180
1083,180
1084,179
1085,180
1086,181
1087,169
1088,167
1089,168
1090,168
1091,168
1092,167
1093,167
1094,167
1095,165
1096,168
1097,167
1098,167
1099,169
1100,169
1101,169
1102,169
1103,168
1104,170
1105,171
1106,168
1107,166
1108,167
1109,167
1110,174
1111,179
1112,181
1113,180
1114,179
1115,183
1116,189
1117,197
1118,210
1119,209
1120,209
1121,205
1122,209
1123,210
1124,206
1125,205
1126,197
1127,209
1128,210
1129,208
1130,206
1131,206
1132,201
1133,201
1134,202
1135,202
1136,202
1137,201
1138,198
1139,198
1140,197
1141,196
1142,197
1143,197
1144,197
1145,197
1146,198
1147,197
1148,196
1149,196
1150,197
1151,197
1152,197
1153,196
1154,194
1155,194
1156,193
1157,195
1158,195
1159,195
1160,198
1161,198
1162,198
1163,201
1164,202
1165,202
1166,202
1167,203
1168,202
1169,202
1170,200
1171,201
1172,201
1173,199
1174,202
1175,203
1176,204
1177,202
1178,201
1179,200
1180,201
1181,198
1182,200
1183,202
1184,203
1185,201
1186,198
1187,198
1188,201
1189,200
1190,197
1191,195
1192,194
1193,192
1194,197
1195,195
1196,195
1197,193
1198,193
1199,194
1200,192
1201,193
1202,194
1203,196
1204,196
1205,196
1206,196
1207,196
1208,196
1209,196
1210,198
1211,196
1212,196
1213,196
1214,198
1215,199
1216,202
1217,203
1218,203
1219,206
1220,207
1221,205
1222,206
1223,204
1224,213
1225,208
1226,207
1227,210
1228,209
1229,211
1230,215
1231,216
1232,223
1233,222
1234,222
1235,222
1236,226
1237,226
1238,226
1239,226
1240,226
1241,226
1242,226
1243,226
1244,229
1245,227
1246,226
1247,229
1248,230
1249,229
1250,234
1251,231
1252,231
1253,231
1254,230
1255,234
1256,235
1257,236
1258,237
1259,235
1260,235
1261,235
1262,233
1263,231
1264,232
1265,233
1266,236
1267,237
1268,231
1269,226
1270,224
1271,224
1272,224
1273,221
1274,214
1275,214
1276,214
1277,214
1278,214
1279,214
1280,206
1281,193
1282,192
1283,192
1284,194
1285,191
1286,191
1287,191
1288,191
1289,192
1290,186
1291,174
1292,172
1293,172
1294,172
1295,171
1296,171
1297,171
1298,170
1299,174
1300,173
1301,174
1302,175
1303,175
1304,174
1305,175
1306,176
1307,176
1308,177
1309,177
1310,176
1311,174
1312,176
1313,175
1314,173
1315,173
1316,172
1317,172
1318,172
1319,172
1320,172
1321,172
1322,172
1323,172
1324,172
1325,172
1326,172
1327,172
1328,172
1329,172
1330,172
1331,172
1332,172
1333,175
1334,176
1335,177
1336,178
1337,176
1338,178
1339,178
1340,174
1341,179
1342,181
1343,180
1344,179
1345,180
1346,180
1347,182
1348,181
1349,183
1350,183
1351,178
1352,184
1353,182
1354,183
1355,183
1356,185
1357,191
1358,190
1359,191
1360,204
1361,208
1362,206
1363,207
1364,208
1365,213
1366,209
1367,208
1368,211
1369,212
1370,217
1371,218
1372,212
1373,212
1374,213
1375,212
1376,212
1377,212
1378,212
1379,213
1380,217
1381,218
1382,218
1383,219
1384,221
1385,221
1386,219
1387,219
1388,218
1389,217
1390,217
1391,213
1392,213
1393,216
1394,214
1395,209
1396,204
1397,204
1398,204
1399,201
1400,205
1401,203
1402,200
1403,199
1404,192
1405,195
1406,207
1407,206
1408,205
1409,205
1410,203
1411,208
1412,210
1413,208
1414,208
1415,209
1416,203
1417,205
1418,205
1419,205
1420,205
1421,201
1422,198
1423,198
1424,199
1425,199
1426,199
1427,200
1428,200
1429,202
1430,201
1431,199
1432,195
1433,196
1434,197
1435,201
1436,201
1437,203
1438,202
1439,202
1440,202
1441,203
1442,203
1443,203
1444,213
1445,211
1446,212
1447,211
1448,211
1449,211
1450,213
1451,213
1452,214
1453,215
1454,216
1455,214
1456,215
1457,213
1458,213
1459,214
1460,214
1461,212
1462,212
1463,214
1464,215
1465,216
1466,222
1467,226
1468,228
1469,228
1470,232
1471,232
1472,232
1473,233
1474,234
1475,246
1476,247
1477,249
1478,249
1479,249
1480,248
1481,247
1482,246
1483,246
1484,245
1485,243
1486,247
1487,247
1488,242
1489,240
1490,240
1491,240
1492,240
1493,240
1494,239
1495,241
1496,241
1497,241
1498,241
1499,234
1500,234
1501,233
1502,233
1503,231
1504,231
1505,230
1506,215
1507,209
1508,209
1509,208
1510,207
1511,202
1512,202
1513,203
1514,199
1515,197
1516,194
1517,192
1518,191
1519,190
1520,193
1521,192
1522,193
1523,193
1524,193
1525,191
1526,187
1527,184
1528,184
1529,183
1530,182
1531,182
1532,182
1533,185
1534,181
1535,183
1536,185
1537,186
1538,183
1539,180
1540,181
1541,181
1542,177
1543,178
1544,179
1545,179
1546,176
1547,176
1548,176
1549,177
1550,177
1551,174
1552,165
1553,164
1554,161
1555,161
1556,160
1557,155
1558,158
1559,166
1560,166
1561,165
1562,165
1563,165
1564,176
1565,176
1566,176
1567,176
1568,176
1569,176
1570,174
1571,174
1572,174
1573,173
1574,173
1575,172
1576,172
1577,173
1578,174
1579,174
1580,174
1581,170
1582,170
1583,169
1584,169
1585,167
1586,167
1587,168
1588,170
1589,180
1590,170
1591,170
1592,169
1593,169
1594,171
1595,170
1596,168
1597,168
1598,178
1599,179
1600,181
1601,184
1602,183
1603,191
1604,191
1605,187
1606,188
1607,188
1608,187
1609,186
1610,184
1611,182
1612,175
1613,175
1614,175
1615,175
1616,171
1617,169
1618,168
1619,164
1620,164
1621,163
1622,162
1623,161
1624,150
1625,149
1626,149
1627,149
1628,149
1629,149
1630,150
1631,150
1632,149
1633,150
1634,151
1635,147
1636,151
1637,150
1638,150
1639,151
1640,156
1641,156
1642,163
1643,162
1644,160
1645,158
1646,158
1647,157
1648,157
1649,157
1650,157
1651,157
1652,157
1653,157
1654,157
1655,157
1656,157
1657,157
1658,157
1659,159
1660,157
1661,153
1662,154
1663,154
1664,153
1665,151
1666,151
1667,152
1668,152
1669,153
1670,153
1671,152
1672,153
1673,153
1674,151
1675,153
1676,154
1677,154
1678,150
1679,149
1680,148
1681,147
1682,147
1683,147
1684,147
1685,146
1686,146
1687,144
1688,144
1689,143
1690,146
1691,146
1692,142
1693,142
1694,144
1695,142
1696,144
1697,146
1698,146
1699,145
1700,145
1701,149
1702,148
1703,147
1704,147
1705,146
1706,148
1707,147
1708,147
1709,147
1710,147
1711,144
1712,145
1713,145
1714,147
1715,147
1716,147
1717,143
1718,134
1719,135
1720,144
1721,145
1722,143
1723,135
1724,137
1725,138
1726,142
1727,142
1728,142
1729,142
1730,143
1731,144
1732,145
1733,145
1734,145
1735,145
1736,157
1737,158
1738,157
1739,156
1740,157
1741,162
1742,165
1743,168
1744,169
1745,172
1746,171
1747,174
1748,166
1749,166
1750,166
1751,166
1752,167
1753,166
1754,168
1755,169
1756,174
1757,165
1758,164
1759,161
1760,158
1761,158
1762,149
1763,161
1764,163
1765,165
1766,170
1767,182
1768,182
1769,182
1770,183
1771,183
1772,183
1773,184
1774,184
1775,185
1776,185
1777,187
1778,187
1779,192
1780,192
1781,193
1782,191
1783,193
1784,193
1785,193
1786,190
1787,190
1788,193
1789,193
1790,193
1791,193
1792,189
1793,189
1794,189
1795,189
1796,184
1797,184
1798,178
1799,178
1800,181
1801,182
1802,188
1803,190
1804,190
1805,190
1806,188
1807,188
1808,192
1809,190
1810,191
1811,191
1812,191
1813,191
1814,191
1815,191
1816,190
1817,190
1818,190
1819,188
1820,188
1821,188
1822,186
1823,185
1824,185
1825,185
1826,187
1827,188
1828,189
1829,191
1830,191
1831,191
1832,191
1833,192
1834,192
1835,192
1836,189
1837,189
1838,191
1839,192
1840,188
1841,188
1842,185
1843,183
1844,183
1845,183
1846,183
1847,179
1848,179
1849,179
1850,179
1851,180
1852,177
1853,177
1854,177
1855,177
1856,177
1857,179
1858,179
1859,179
1860,182
1861,186
1862,187
1863,186
1864,186
1865,184
1866,176
1867,177
1868,177
1869,175
1870,174
1871,173
1872,171
1873,171
1874,170
1875,171
1876,175
1877,175
1878,175
1879,175
1880,175
1881,175
1882,162
1883,162
1884,161
1885,161
1886,160
1887,155
1888,152
1889,149
1890,149
1891,148
1892,150
1893,147
1894,146
1895,147
1896,147
1897,146
1898,146
1899,145
1900,148
1901,158
1902,157
1903,156
1904,156
1905,158
1906,163
1907,166
1908,174
1909,162
1910,159
1911,158
1912,153
1913,144
1914,144
1915,144
1916,146
1917,146
1918,148
1919,147
1920,153
1921,155
1922,158
1923,157
1924,157
1925,157
1926,157
1927,156
1928,157
1929,155
1930,163
1931,161
1932,163
1933,163
1934,160
1935,161
1936,161
1937,161
1938,161
1939,161
1940,161
1941,161
1942,163
1943,162
1944,162
1945,162
1946,162
1947,161
1948,156
1949,157
1950,158
1951,158
1952,158
1953,158
1954,154
1955,157
1956,159
1957,159
1958,160
1959,160
1960,159
1961,159
1962,161
1963,161
1964,161
1965,161
1966,162
1967,164
1968,164
1969,164
1970,165
1971,168
1972,167
1973,166
1974,165
1975,164
1976,164
1977,164
1978,163
1979,163
1980,166
1981,167
1982,168
1983,169
1984,167
1985,166
1986,166
1987,166
1988,167
1989,168
1990,168
1991,169
1992,169
1993,170
1994,171
1995,172
1996,172
1997,171
1998,172
1999,173
2000,172
2001,172
2002,173
2003,173
2004,171
2005,170
2006,170
2007,170
2008,170
2009,170
2010,165
2011,162
2012,161
2013,161
2014,161
2015,161
2016,161
2017,161
2018,161
2019,161
2020,162
2021,162
2022,165
2023,163
2024,161
2025,162
2026,161
2027,160
2028,160
2029,159
2030,169
2031,171
2032,170
2033,167
2034,167
2035,169
2036,169
2037,173
2038,174
2039,174
2040,176
2041,183
2042,183
2043,184
2044,184
2045,184
2046,192
2047,193
2048,191
2049,189
2050,187
2051,187
2052,186
2053,188
2054,188
2055,188
2056,188
2057,183
2058,172
2059,168
2060,168
2061,168
2062,167
2063,162
2064,160
2065,152
2066,152
2067,153
2068,156
2069,156
2070,156
2071,156
2072,161
2073,161
2074,161
2075,167
2076,168
2077,164
2078,167
2079,164
2080,168
2081,168
2082,166
2083,165
2084,165
2085,165
2086,165
2087,164
2088,164
2089,162
2090,164
2091,164
2092,161
2093,160
2094,160
2095,165
2096,165
2097,166
2098,165
2099,163
2100,166
2101,168
2102,170
2103,175
2104,175
2105,174
2106,172
2107,171
2108,172
2109,175
2110,175
2111,175
2112,172
2113,171
2114,172
2115,171
2116,173
2117,174
2118,185
2119,183
2120,184
2121,184
2122,184
2123,185
2124,183
2125,182
2126,182
2127,182
2128,179
2129,178
2130,178
2131,182
2132,182
2133,182
2134,182
2135,182
2136,181
2137,181
2138,181
2139,180
2140,179
2141,179
2142,180
2143,180
2144,180
2145,179
2146,178
2147,178
2148,178
2149,179
2150,178
2151,179
2152,179
2153,183
2154,183
2155,182
2156,181
2157,181
2158,180
2159,181
2160,182
2161,184
2162,184
2163,185
2164,184
2165,193
2166,193
2167,193
2168,190
2169,190
2170,190
2171,189
2172,190
2173,191
2174,192
2175,191
2176,184
2177,185
2178,185
2179,185
2180,185
2181,185
2182,189
2183,188
2184,189
2185,190
2186,190
2187,185
2188,191
2189,190
2190,192
2191,191
2192,183
2193,183
2194,183
2195,184
2196,187
2197,187
2198,188
2199,187
2200,187
2201,186
2202,187
2203,187
2204,187
2205,187
2206,187
2207,188
2208,187
2209,188
2210,188
2211,189
2212,189
2213,188
2214,186
2215,186
2216,183
2217,185
2218,182
2219,179
2220,179
2221,178
2222,177
2223,176
2224,171
2225,172
2226,170
2227,170
2228,168
2229,168
2230,168
2231,170
2232,172
2233,165
2234,165
2235,165
2236,165
2237,167
2238,170
2239,170
2240,170
2241,165
2242,168
2243,167
2244,168
2245,170
2246,167
2247,165
2248,163
2249,157
2250,157
2251,158
2252,158
2253,158
2254,159
2255,156
2256,166
2257,167
2258,167
2259,165
2260,164
2261,165
2262,163
2263,162
2264,154
2265,155
2266,154
2267,157
2268,157
2269,155
2270,161
2271,161
2272,163
2273,164
2274,168
2275,168
2276,169
2277,166
2278,166
2279,170
2280,170
2281,174
2282,174
2283,171
2284,170
2285,172
2286,172
2287,172
2288,171
2289,171
2290,171
2291,172
2292,173
2293,180
2294,180
2295,179
2296,180
2297,178
2298,177
2299,173
2300,179
2301,206
2302,207
2303,208
2304,208
2305,207
2306,207
2307,207
2308,207
2309,209
2310,209
2311,200
2312,200
2313,200
2314,200
2315,200
2316,206
2317,207
2318,207
2319,209
2320,216
2321,226
2322,225
2323,225
2324,222
2325,219
2326,219
2327,225
2328,224
2329,221
2330,218
2331,215
2332,213
2333,213
2334,209
2335,207
2336,200
2337,201
2338,199
2339,199
2340,200
2341,202
2342,202
2343,200
2344,197
2345,196
2346,196
2347,195
2348,197
2349,197
2350,196
2351,197
2352,200
2353,200
2354,201
2355,199
2356,202
2357,201
2358,200
2359,199
2360,199
2361,199
2362,203
2363,205
2364,207
2365,205
2366,203
2367,203
2368,203
2369,196
2370,207
2371,207
2372,208
2373,207
2374,204
2375,204
2376,205
2377,205
2378,205
2379,203
2380,201
2381,201
2382,203
2383,205
2384,206
2385,204
2386,216
2387,220
2388,220
2389,222
2390,220
2391,221
2392,220
2393,220
2394,220
2395,220
2396,220
2397,220
2398,220
2399,220
2400,220
2401,220
2402,220
2403,220
2404,221
2405,222
2406,223
2407,226
2408,226
2409,235
2410,235
2411,234
2412,233
2413,232
2414,233
2415,233
2416,225
2417,224
2418,225
2419,226
2420,229
2421,228
2422,236
2423,241
2424,238
2425,239
2426,241
2427,244
2428,247
2429,248
2430,242
2431,242
2432,240
2433,238
2434,235
2435,235
2436,235
2437,238
2438,237
2439,236
2440,237
2441,234
2442,237
2443,238
2444,243
2445,246
2446,246
2447,246
2448,247
2449,256
2450,258
2451,266
2452,265
2453,262
2454,262
2455,264
2456,263
2457,263
2458,264
2459,267
2460,262
2461,236
2462,236
2463,236
2464,237
2465,237
2466,237
2467,237
2468,238
2469,236
2470,236
2471,236
2472,235
2473,235
2474,229
2475,235
2476,235
2477,232
2478,225
2479,215
2480,217
2481,217
2482,217
2483,217
2484,219
2485,214
2486,214
2487,215
2488,214
2489,215
2490,216
2491,217
2492,219
2493,221
2494,226
2495,229
2496,229
2497,229
2498,228
2499,224
2500,225
2501,228
2502,228
2503,228
2504,227
2505,228
2506,228
2507,241
2508,243
2509,248
2510,245
2511,245
2512,248
2513,250
2514,248
2515,248
2516,249
2517,250
2518,250
2519,250
2520,244
2521,242
2522,240
2523,240
2524,240
2525,240
2526,241
2527,242
2528,231
2529,230
2530,227
2531,227
2532,227
2533,228
2534,228
2535,229
2536,231
2537,230
2538,231
2539,233
2540,231
2541,229
2542,227
2543,229
2544,216
2545,215
2546,216
2547,214
2548,214
2549,214
2550,214
2551,214
2552,214
2553,214
2554,214
2555,215
2556,220
2557,220
2558,225
2559,226
2560,226
2561,225
2562,225
2563,225
2564,225
2565,226
2566,215
2567,215
2568,217
2569,219
2570,220
2571,220
2572,229
2573,233
2574,233
2575,233
2576,233
2577,233
2578,233
2579,245
2580,245
2581,244
2582,253
2583,255
2584,264
2585,260
2586,260
2587,260
2588,260
2589,260
2590,260
2591,262
2592,261
2593,267
2594,261
2595,269
2596,269
2597,269
2598,270
2599,282
2600,282
2601,281
2602,281
2603,281
2604,279
2605,279
2606,276
2607,275
2608,275
2609,277
2610,274
2611,273
2612,270
2613,266
2614,269
2615,271
2616,270
2617,261
2618,259
2619,256
2620,256
2621,252
2622,253
2623,252
2624,254
2625,254
2626,253
2627,250
2628,252
2629,262
2630,263
2631,263
2632,262
2633,262
2634,261
2635,261
2636,265
2637,265
2638,265
2639,265
2640,265
2641,266
2642,266
2643,263
2644,268
2645,268
2646,271
2647,270
2648,269
2649,269
2650,269
2651,269
2652,268
2653,267
2654,269
2655,268
2656,269
2657,269
2658,268
2659,266
2660,264
2661,263
2662,259
2663,256
2664,257
2665,257
2666,257
2667,257
2668,257
2669,257
2670,258
2671,257
2672,257
2673,257
2674,257
2675,254
2676,254
2677,254
2678,254
2679,254
2680,254
2681,256
2682,254
2683,241
2684,241
2685,241
2686,241
2687,241
2688,241
2689,241
2690,241
2691,241
2692,242
2693,245
2694,239
2695,239
2696,239
2697,236
2698,240
2699,239
2700,239
2701,240
2702,252
2703,258
2704,259
2705,259
2706,259
2707,259
2708,259
2709,259
2710,259
2711,259
2712,259
2713,260
2714,269
2715,273
2716,276
2717,280
2718,284
2719,283
2720,287
2721,289
2722,289
2723,289
2724,294
2725,294
2726,293
2727,291
2728,290
2729,289
2730,292
2731,292
2732,290
2733,288
2734,290
2735,291
2736,291
2737,289
2738,288
2739,285
2740,285
2741,285
2742,285
2743,285
2744,285
2745,285
2746,287
2747,291
2748,285
2749,285
2750,285
2751,285
2752,284
2753,283
2754,281
2755,281
2756,281
2757,279
2758,277
2759,276
2760,277
2761,276
2762,269
2763,263
2764,263
2765,263
2766,269
2767,257
2768,258
2769,258
2770,245
2771,243
2772,226
2773,226
2774,224
2775,223
2776,223
2777,215
2778,216
2779,205
2780,205
2781,207
2782,206
2783,206
2784,206
2785,196
2786,196
2787,197
2788,201
2789,201
2790,201
2791,205
2792,203
2793,203
2794,203
2795,203
2796,204
2797,209
2798,211
2799,208
2800,217
2801,219
2802,217
2803,216
2804,212
2805,210
2806,210
2807,211
2808,211
2809,217
2810,217
2811,219
2812,218
2813,217
2814,215
2815,218
2816,225
2817,227
2818,238
2819,226
2820,226
2821,225
2822,225
2823,225
2824,226
2825,224
2826,220
2827,222
2828,224
2829,224
2830,224
2831,223
2832,223
2833,221
2834,215
2835,216
2836,215
2837,216
2838,216
2839,215
2840,215
2841,215
2842,214
2843,214
2844,218
2845,218
2846,217
2847,215
2848,215
2849,215
2850,216
2851,222
2852,221
2853,221
2854,220
2855,220
2856,220
2857,219
2858,222
2859,222
2860,222
2861,222
2862,222
2863,219
2864,219
2865,218
2866,213
2867,213
2868,213
2869,213
2870,212
2871,206
2872,206
2873,209
2874,208
2875,197
2876,191
2877,190
2878,191
2879,184
2880,181
2881,182
2882,187
2883,190
2884,193
2885,195
2886,198
2887,200
2888,201
2889,198
2890,201
2891,208
2892,208
2893,209
2894,209
2895,209
2896,209
2897,210
2898,208
2899,207
2900,207
2901,209
2902,212
2903,214
2904,217
2905,216
2906,211
2907,207
2908,215
2909,217
2910,217
2911,229
2912,232
2913,232
2914,236
2915,236
2916,235
2917,235
2918,236
2919,240
2920,234
2921,236
2922,236
2923,236
2924,237
2925,237
2926,237
2927,238
2928,239
2929,239
2930,240
2931,239
2932,240
2933,239
2934,238
2935,238
2936,236
2937,236
2938,235
2939,230
2940,226
2941,226
2942,225
2943,221
2944,222
2945,222
2946,212
2947,211
2948,212
2949,212
2950,214
2951,216
2952,216
2953,215
2954,215
2955,204
2956,204
2957,204
2958,204
2959,204
2960,204
2961,201
2962,194
2963,192
2964,179
2965,180
2966,178
2967,178
2968,178
2969,178
2970,177
2971,178
2972,177
2973,176
2974,176
2975,177
2976,177
2977,178
2978,182
2979,181
2980,181
2981,180
2982,177
2983,177
2984,177
2985,179
2986,180
2987,180
2988,180
2989,179
2990,173
2991,173
2992,173
2993,175
2994,176
2995,176
2996,176
2997,170
2998,171
2999,171
3000,171
3001,171
3002,171
3003,171
3004,168
3005,169
3006,169
3007,169
3008,170
3009,170
3010,170
3011,170
3012,171
3013,171
3014,171
3015,175
3016,175
3017,175
3018,175
3019,172
3020,172
3021,170
3022,170
3023,171
3024,171
3025,171
3026,170
3027,166
3028,158
3029,151
3030,148
3031,141
3032,136
3033,134
3034,133
3035,131
3036,129
3037,125
3038,125
3039,124
3040,123
3041,124
3042,127
3043,126
3044,126
3045,126
3046,126
3047,126
3048,126
3049,126
3050,126
3051,127
3052,129
3053,135
3054,132
3055,130
3056,129
3057,129
3058,128
3059,129
3060,122
3061,121
3062,124
3063,112
3064,107
3065,108
3066,106
3067,106
3068,109
3069,113
3070,112
3071,108
3072,113
3073,111
3074,109
3075,109
3076,108
3077,108
3078,109
3079,108
3080,110
3081,113
3082,116
3083,116
3084,115
3085,117
3086,118
3087,120
3088,121
3089,121
3090,121
3091,121
3092,123
3093,123
3094,126
3095,126
3096,125
3097,127
3098,129
3099,130
3100,130
3101,131
3102,129
3103,127
3104,128
3105,128
3106,128
3107,127
3108,127
3109,128
3110,128
3111,128
3112,129
3113,130
3114,131
3115,131
3116,131
3117,130
3118,131
3119,131
3120,132
3121,132
3122,133
3123,132
3124,132
3125,130
3126,128
3127,127
3128,128
3129,127
3130,124
3131,124
3132,125
3133,125
3134,125
3135,124
3136,124
3137,122
3138,121
3139,122
3140,122
3141,123
3142,123
3143,123
3144,124
3145,122
3146,121
3147,121
3148,120
3149,120
3150,121
3151,120
3152,121
3153,123
3154,123
3155,123
3156,124
3157,124
3158,124
3159,124
3160,126
3161,125
3162,128
3163,128
3164,153
3165,153
3166,153
3167,149
3168,148
3169,148
3170,148
3171,148
3172,147
3173,147
3174,147
3175,146
3176,144
3177,142
3178,142
3179,142
3180,141
3181,140
3182,140
3183,140
3184,140
3185,140
3186,141
3187,141
3188,140
3189,137
3190,138
3191,138
3192,138
3193,134
3194,130
3195,131
3196,131
3197,130
3198,128
3199,120
3200,120
3201,120
3202,120
3203,120
3204,120
3205,120
3206,120
3207,120
3208,120
3209,120
3210,120
3211,120
3212,120
3213,120
3214,120
3215,120
3216,120
3217,120
3218,120
3219,120
3220,120
3221,120
3222,120
3223,120
3224,120
3225,120
3226,120
3227,121
3228,121
3229,118
3230,118
3231,119
3232,117
3233,115
3234,111
3235,108
3236,108
3237,108
3238,107
3239,107
3240,107
3241,104
3242,98
3243,98
3244,98
3245,93
3246,93
3247,93
3248,93
3249,93
3250,93
3251,92
3252,92
3253,89
3254,86
3255,82
3256,82
3257,82
3258,80
3259,79
3260,77
3261,76
3262,76
3263,76
3264,76
3265,76
3266,76
3267,76
3268,76
3269,76
3270,76
3271,76
3272,76
3273,76
3274,76
3275,76
3276,76
3277,76
3278,74
3279,74
3280,71
3281,69
3282,69
3283,66
3284,64
3285,62
3286,61
3287,60
3288,60
3289,60
3290,59
3291,59
3292,59
3293,59
3294,59
3295,59
3296,57
3297,59
3298,60
3299,63
3300,61
3301,73
3302,73
3303,73
3304,78
3305,78
3306,83
3307,87
3308,88
3309,87
3310,87
3311,87
3312,94
3313,95
3314,97
3315,98
3316,98
3317,99
3318,99
3319,98
3320,98
3321,100
3322,100
3323,100
3324,100
3325,100
3326,99
3327,100
3328,99
3329,101
3330,103
3331,102
3332,106
3333,106
3334,108
3335,113
3336,113
3337,111
3338,112
3339,115
3340,116
3341,117
3342,121
3343,121
3344,121
3345,122
3346,123
3347,121
3348,123
3349,120
3350,127
3351,101
3352,101
3353,101
3354,101
3355,101
3356,101
3357,101
3358,101
3359,101
3360,101
3361,101
3362,101
3363,101
3364,101
3365,101
3366,101
3367,101
3368,103
3369,105
3370,110
3371,121
3372,121
3373,127
3374,129
3375,132
3376,134
3377,134
3378,134
3379,135
3380,136
3381,137
3382,138
3383,139
3384,139
3385,139
3386,139
3387,139
3388,139
3389,139
3390,139
3391,139
3392,139
3393,139
3394,140
3395,140
3396,140
3397,140
3398,141
3399,142
3400,142
3401,143
3402,146
3403,147
3404,146
3405,148
3406,151
3407,151
3408,155
3409,155
3410,155
3411,155
3412,158
3413,158
3414,159
3415,161
3416,161
3417,161
3418,162
3419,162
3420,162
3421,162
3422,164
3423,167
3424,167
3425,181
3426,182
3427,184
3428,186
3429,187
3430,187
3431,188
3432,195
3433,203
3434,204
3435,205
3436,205
3437,206
3438,215
3439,217
3440,217
3441,218
3442,218
3443,218
3444,220
3445,220
3446,220
3447,222
3448,224
3449,233
3450,233
3451,236
3452,237
3453,237
3454,238
3455,239
3456,242
3457,242
3458,243
3459,243
3460,241
3461,242
3462,241
3463,241
3464,229
3465,229
3466,232
3467,228
3468,233
3469,230
3470,226
3471,227
3472,227
3473,228
3474,228
3475,222
3476,221
3477,219
3478,217
3479,219
3480,217
3481,217
3482,217
3483,217
3484,215
3485,216
3486,217
3487,217
3488,217
3489,218
3490,217
3491,219
3492,218
3493,216
3494,216
3495,212
3496,213
3497,211
3498,206
3499,206
3500,206
3501,205
3502,201
3503,198
3504,199
3505,195
3506,194
3507,194
3508,195
3509,194
3510,195
3511,193
3512,193
3513,185
3514,185
3515,183
3516,181
3517,176
3518,165
3519,165
3520,163
3521,162
3522,159
3523,157
3524,157
3525,156
3526,156
3527,155
3528,153
3529,153
3530,153
3531,156
3532,156
3533,156
3534,156
3535,156
3536,159
3537,162
3538,166
3539,166
3540,165
3541,165
3542,165
3543,167
3544,168
3545,169
3546,175
3547,175
3548,172
3549,171
3550,174
3551,173
3552,172
3553,174
3554,169
3555,169
3556,169
3557,170
3558,168
3559,169
3560,168
3561,166
3562,165
3563,165
3564,164
3565,164
3566,164
3567,167
3568,170
3569,168
3570,168
3571,155
3572,154
3573,153
3574,152
3575,151
3576,151
3577,150
3578,144
3579,136
3580,135
3581,136
3582,136
3583,137
3584,129
3585,127
3586,127
3587,126
3588,126
3589,126
3590,129
3591,129
3592,128
3593,126
3594,125
3595,116
3596,118
3597,115
3598,115
3599,115
3600,114
3601,113
3602,110
3603,110
3604,119
3605,119
3606,119
3607,117
3608,117
3609,119
3610,119
3611,129
3612,127
3613,130
3614,126
3615,126
3616,129
3617,130
3618,152
3619,153
3620,154
3621,156
3622,158
3623,168
3624,168
3625,166
3626,167
3627,168
3628,168
3629,168
3630,168
3631,167
3632,168
3633,168
3634,170
3635,169
3636,170
3637,170
3638,171
3639,171
3640,182
3641,186
3642,193
3643,193
3644,193
3645,195
3646,207
3647,210
3648,211
3649,211
3650,209
3651,210
3652,210
3653,216
3654,216
3655,217
3656,216
3657,218
3658,219
3659,219
3660,222
3661,224
3662,225
3663,225
3664,225
3665,227
3666,223
3667,222
3668,224
3669,225
3670,225
3671,227
3672,226
3673,226
3674,226
3675,225
3676,225
3677,222
3678,224
3679,225
3680,225
3681,225
3682,221
3683,220
3684,216
3685,216
3686,216
3687,216
3688,218
3689,216
3690,214
3691,212
3692,208
3693,207
3694,207
3695,207
3696,204
3697,204
3698,202
3699,201
3700,201
3701,202
3702,207
3703,206
3704,206
3705,205
3706,205
3707,205
3708,206
3709,206
3710,206
3711,206
3712,206
3713,206
3714,206
3715,207
3716,208
3717,208
3718,209
3719,207
3720,202
3721,202
3722,205
3723,206
3724,206
3725,209
3726,209
3727,212
3728,212
3729,213
3730,212
3731,214
3732,215
3733,215
3734,215
3735,213
3736,214
3737,215
3738,215
3739,215
3740,216
3741,223
3742,218
3743,225
3744,226
3745,227
3746,226
3747,226
3748,225
3749,227
3750,226
3751,226
3752,226
3753,228
3754,228
3755,228
3756,232
3757,236
3758,236
3759,238
3760,236
3761,234
3762,235
3763,228
3764,228
3765,230
3766,228
3767,232
3768,235
3769,232
3770,216
3771,215
3772,214
3773,212
3774,216
3775,206
3776,206
3777,206
3778,206
3779,205
3780,205
3781,207
3782,207
3783,207
3784,205
3785,206
3786,204
3787,208
3788,207
3789,205
3790,203
3791,203
3792,193
3793,194
3794,186
3795,187
3796,195
3797,194
3798,186
3799,185
3800,185
3801,185
3802,186
3803,192
3804,198
3805,191
3806,189
3807,188
3808,191
3809,189
3810,192
3811,192
3812,189
3813,187
3814,186
3815,188
3816,191
3817,190
3818,191
3819,191
3820,189
3821,188
3822,188
3823,186
3824,186
3825,187
3826,188
3827,193
3828,196
3829,200
3830,199
3831,199
3832,209
3833,220
3834,221
3835,219
3836,221
3837,223
3838,225
3839,226
3840,224
3841,224
3842,224
3843,231
3844,229
3845,230
3846,231
3847,231
3848,231
3849,230
3850,237
3851,236
3852,236
3853,235
3854,235
3855,236
3856,236
3857,236
3858,236
3859,236
3860,235
3861,240
3862,239
3863,239
3864,239
3865,239
3866,242
3867,241
3868,239
3869,239
3870,240
3871,238
3872,241
3873,244
3874,249
3875,255
3876,256
3877,257
3878,259
3879,258
3880,260
3881,262
3882,263
3883,262
3884,265
3885,266
3886,265
3887,259
3888,262
3889,255
3890,256
3891,256
3892,257
3893,257
3894,257
3895,255
3896,257
3897,257
3898,260
3899,258
3900,258
3901,258
3902,244
3903,240
3904,241
3905,240
3906,240
3907,240
3908,239
3909,236
3910,235
3911,229
3912,229
3913,223
3914,216
3915,217
3916,211
3917,213
3918,215
3919,214
3920,209
3921,211
3922,211
3923,211
3924,215
3925,216
3926,222
3927,230
3928,233
3929,235
3930,236
3931,235
3932,235
3933,235
3934,239
3935,239
3936,242
3937,242
3938,241
3939,241
3940,241
3941,241
3942,239
3943,241
3944,240
3945,232
3946,234
3947,230
3948,228
3949,227
3950,228
3951,228
3952,221
3953,220
3954,220
3955,223
3956,224
3957,223
3958,223
3959,219
3960,219
3961,219
3962,221
3963,224
3964,224
3965,225
3966,224
3967,223
3968,225
3969,226
3970,226
3971,230
3972,231
3973,232
3974,235
3975,237
3976,246
3977,247
3978,244
3979,251
3980,252
3981,245
3982,235
3983,235
3984,235
3985,233
3986,235
3987,236
3988,237
3989,237
3990,237
3991,238
3992,231
3993,234
3994,236
3995,235
3996,237
3997,239
3998,240
3999,233
4000,236
4001,241
4002,242
4003,243
4004,242
4005,242
4006,246
4007,248
4008,251
4009,257
4010,251
4011,252
4012,253
4013,253
4014,252
4015,251
4016,251
4017,250
4018,250
4019,258
4020,264
4021,262
4022,258
4023,254
4024,251
4025,255
4026,253
4027,251
4028,251
4029,257
4030,256
4031,269
4032,270
4033,270
4034,269
4035,270
4036,269
4037,267
4038,267
4039,265
4040,264
4041,265
4042,267
4043,276
4044,276
4045,278
4046,277
4047,277
4048,274
4049,277
4050,281
4051,281
4052,281
4053,281
4054,280
4055,279
4056,279
4057,280
4058,280
4059,284
4060,285
4061,285
4062,285
4063,287
4064,287
4065,286
4066,287
4067,284
4068,282
4069,286
4070,285
4071,284
4072,285
4073,287
4074,283
4075,282
4076,276
4077,266
4078,263
4079,264
4080,263
4081,263
4082,265
4083,262
4084,258
4085,261
4086,263
4087,264
4088,265
4089,262
4090,260
4091,260
4092,268
4093,267
4094,275
4095,275
4096,276
4097,277
4098,285
4099,288
4100,288
4101,290
4102,289
4103,288
4104,286
4105,291
4106,291
4107,293
4108,299
4109,306
4110,303
4111,305
4112,302
4113,302
4114,303
4115,306
4116,310
4117,313
4118,309
4119,310
4120,309
4121,305
4122,302
4123,288
4124,284
4125,283
4126,275
4127,273
4128,272
4129,279
4130,279
4131,279
4132,279
4133,276
4134,273
4135,273
4136,276
4137,277
4138,278
4139,278
4140,275
4141,272
4142,273
4143,271
4144,270
4145,270
4146,269
4147,266
4148,265
4149,264
4150,258
4151,259
4152,262
4153,260
4154,258
4155,256
4156,250
4157,250
4158,249
4159,248
4160,247
4161,249
4162,247
4163,247
4164,247
4165,246
4166,236
4167,229
4168,227
4169,225
4170,224
4171,225
4172,220
4173,219
4174,228
4175,229
4176,222
4177,221
4178,207
4179,206
4180,203
4181,202
4182,202
4183,203
4184,202
4185,202
4186,202
4187,202
4188,200
4189,198
4190,189
4191,191
4192,191
4193,192
4194,192
4195,192
4196,188
4197,189
4198,189
4199,190
4200,191
4201,193
4202,195
4203,195
4204,195
4205,191
4206,190
4207,191
4208,191
4209,189
4210,191
4211,191
4212,192
4213,193
4214,193
4215,190
4216,190
4217,192
4218,195
4219,193
4220,193
4221,194
4222,194
4223,194
4224,194
4225,192
4226,195
4227,195
4228,197
4229,208
4230,208
4231,206
4232,201
4233,203
4234,206
4235,225
4236,232
4237,232
4238,224
4239,224
4240,219
4241,221
4242,220
4243,218
4244,211
4245,208
4246,205
4247,203
4248,201
4249,201
4250,201
4251,196
4252,198
4253,196
4254,190
4255,181
4256,184
4257,180
4258,180
4259,180
4260,181
4261,182
4262,178
4263,175
4264,176
4265,176
4266,176
4267,180
4268,183
4269,185
4270,187
4271,187
4272,189
4273,191
4274,192
4275,190
4276,189
4277,189
4278,194
4279,193
4280,195
4281,193
4282,190
4283,191
4284,190
4285,190
4286,195
4287,198
4288,200
4289,202
4290,201
4291,200
4292,201
4293,203
4294,200
4295,200
4296,205
4297,204
4298,202
4299,201
4300,201
4301,201
4302,201
4303,201
4304,201
4305,203
4306,209
4307,208
4308,208
4309,208
4310,211
4311,214
4312,216
4313,218
4314,221
4315,226
4316,246
4317,247
4318,258
4319,259
4320,253
4321,271
4322,272
4323,272
4324,273
4325,275
4326,293
4327,294
4328,300
4329,300
4330,300
4331,300
4332,300
4333,301
4334,302
4335,302
4336,303
4337,300
4338,302
4339,301
4340,304
4341,306
4342,307
4343,306
4344,306
4345,305
4346,304
4347,302
4348,302
4349,301
4350,302
4351,302
4352,304
4353,303
4354,303
4355,303
4356,301
4357,301
4358,299
4359,298
4360,299
4361,298
4362,298
4363,298
4364,298
4365,298
4366,298
4367,297
4368,293
4369,293
4370,293
4371,292
4372,292
4373,292
4374,294
4375,294
4376,292
4377,291
4378,287
4379,276
4380,278
4381,277
4382,277
4383,274
4384,271
4385,252
4386,252
4387,252
4388,247
4389,251
4390,253
4391,252
4392,250
4393,248
4394,248
4395,249
4396,251
4397,251
4398,249
4399,251
4400,252
4401,254
4402,254
4403,254
4404,254
4405,254
4406,254
4407,254
4408,253
4409,253
4410,253
4411,254
4412,251
4413,253
4414,252
4415,252
4416,250
4417,245
4418,245
4419,246
4420,262
4421,260
4422,260
4423,256
4424,253
4425,251
4426,249
4427,250
4428,248
4429,246
4430,243
4431,237
4432,237
4433,238
4434,233
4435,233
4436,231
4437,231
4438,236
4439,234
4440,244
4441,244
4442,239
4443,236
4444,234
4445,234
4446,234
4447,234
4448,235
4449,233
4450,240
4451,242
4452,238
4453,238
4454,237
4455,241
4456,241
4457,243
4458,246
4459,247
4460,248
4461,251
4462,246
4463,246
4464,248
4465,253
4466,258
4467,257
4468,257
4469,254
4470,253
4471,248
4472,228
4473,232
4474,226
4475,225
4476,224
4477,205
4478,205
4479,205
4480,209
4481,214
4482,199
4483,198
4484,193
4485,192
4486,195
4487,202
4488,202
4489,201
4490,201
4491,203
4492,202
4493,201
4494,200
4495,202
4496,199
4497,194
4498,193
4499,193
4500,193
4501,193
4502,193
4503,193
4504,189
4505,189
4506,188
4507,188
4508,187
4509,189
4510,190
4511,190
4512,191
4513,191
4514,191
4515,192
4516,191
4517,191
4518,191
4519,189
4520,189
4521,189
4522,188
4523,188
4524,188
4525,189
4526,187
4527,187
4528,186
4529,189
4530,190
4531,190
4532,188
4533,189
4534,191
4535,191
4536,190
4537,190
4538,188
4539,185
4540,182
4541,189
4542,189
4543,189
4544,189
4545,188
4546,200
4547,200
4548,203
4549,202
4550,202
4551,200
4552,202
4553,203
4554,203
4555,203
4556,203
4557,204
4558,208
4559,207
4560,209
4561,209
4562,210
4563,213
4564,219
4565,219
4566,202
4567,202
4568,202
4569,202
4570,203
4571,203
4572,203
4573,205
4574,205
4575,205
4576,205
4577,205
4578,205
4579,204
4580,204
4581,204
4582,204
4583,207
4584,206
4585,207
4586,196
4587,197
4588,197
4589,197
4590,197
4591,197
4592,199
4593,201
4594,203
4595,203
4596,196
4597,194
4598,193
4599,194
4600,195
4601,190
4602,190
4603,189
4604,186
4605,188
4606,190
4607,185
4608,185
4609,184
4610,184
4611,180
4612,172
4613,171
4614,170
4615,173
4616,175
4617,178
4618,180
4619,171
4620,168
4621,169
4622,166
4623,165
4624,163
4625,163
4626,156
4627,152
4628,150
4629,151
4630,154
4631,154
4632,153
4633,147
4634,149
4635,152
4636,151
4637,149
4638,148
4639,148
4640,146
4641,145
4642,145
4643,145
4644,145
4645,145
4646,147
4647,147
4648,150
4649,150
4650,150
4651,154
4652,155
4653,161
4654,162
4655,161
4656,160
4657,160
4658,159
4659,159
4660,161
4661,160
4662,160
4663,160
4664,160
4665,161
4666,164
4667,164
4668,164
4669,164
4670,164
4671,163
4672,164
4673,164
4674,164
4675,164
4676,168
4677,170
4678,170
4679,171
4680,169
4681,172
4682,172
4683,174
4684,174
4685,172
4686,172
4687,165
4688,173
4689,174
4690,174
4691,174
4692,160
4693,160
4694,157
4695,156
4696,155
4697,155
4698,154
4699,155
4700,157
4701,157
4702,157
4703,156
4704,162
4705,163
4706,162
4707,164
4708,164
4709,160
4710,153
4711,155
4712,156
4713,156
4714,158
4715,159
4716,173
4717,174
4718,175
4719,173
4720,173
4721,173
4722,173
4723,175
4724,179
4725,180
4726,184
4727,185
4728,192
4729,196
4730,198
4731,198
4732,198
4733,199
4734,202
4735,202
4736,201
4737,199
4738,197
4739,195
4740,192
4741,193
4742,193
4743,193
4744,195
4745,197
4746,196
4747,207
4748,207
4749,207
4750,208
4751,206
4752,213
4753,213
4754,214
4755,216
4756,216
4757,214
4758,213
4759,215
4760,214
4761,214
4762,211
4763,212
4764,209
4765,207
4766,220
4767,226
4768,224
4769,227
4770,227
4771,228
4772,231
4773,236
4774,240
4775,237
4776,238
4777,241
4778,237
4779,239
4780,237
4781,237
4782,236
4783,233
4784,233
4785,235
4786,235
4787,239
4788,239
4789,238
4790,239
4791,239
4792,239
4793,239
4794,237
4795,238
4796,235
4797,236
4798,236
4799,234
4800,236
4801,230
4802,229
4803,228
4804,230
4805,230
4806,230
4807,230
4808,229
4809,230
4810,230
4811,230
4812,230
4813,230
4814,227
4815,238
4816,238
4817,238
4818,242
4819,242
4820,241
4821,241
4822,241
4823,237
4824,232
4825,231
4826,231
4827,231
4828,231
4829,231
4830,232
4831,230
4832,231
4833,231
4834,231
4835,238
4836,233
4837,232
4838,232
4839,232
4840,230
4841,232
4842,233
4843,233
4844,233
4845,233
4846,232
4847,230
4848,227
4849,227
4850,227
4851,228
4852,218
4853,219
4854,218
4855,215
4856,214
4857,216
4858,216
4859,214
4860,216
4861,220
4862,219
4863,219
4864,205
4865,207
4866,206
4867,211
4868,211
4869,211
4870,214
4871,212
4872,210
4873,209
4874,205
4875,205
4876,198
4877,192
4878,188
4879,191
4880,194
4881,192
4882,189
4883,192
4884,192
4885,193
4886,194
4887,203
4888,203
4889,202
4890,201
4891,205
4892,204
4893,201
4894,202
4895,203
4896,193
4897,195
4898,196
4899,197
4900,197
4901,198
4902,188
4903,187
4904,187
4905,198
4906,197
4907,198
4908,198
4909,200
4910,203
4911,205
4912,206
4913,206
4914,205
4915,209
4916,195
4917,195
4918,195
4919,198
4920,196
4921,197
4922,194
4923,193
4924,192
4925,192
4926,198
4927,194
4928,195
4929,197
4930,193
4931,193
4932,201
4933,206
4934,210
4935,210
4936,218
4937,218
4938,224
4939,227
4940,224
4941,231
4942,235
4943,234
4944,234
4945,234
4946,236
4947,237
4948,237
4949,240
4950,242
4951,242
4952,241
4953,238
4954,240
4955,248
4956,248
4957,246
4958,246
4959,246
4960,249
4961,248
4962,256
4963,259
4964,259
4965,259
4966,260
4967,262
4968,252
4969,252
4970,258
4971,254
4972,258
4973,260
4974,262
4975,264
4976,264
4977,282
4978,283
4979,285
4980,283
4981,288
4982,285
4983,286
4984,287
4985,287
4986,287
4987,287
4988,280
4989,278
4990,278
4991,278
4992,278
4993,278
4994,276
4995,276
4996,277
4997,277
4998,279
4999,279
5000,279
5001,279
5002,279
5003,281
5004,280
5005,280
5006,279
5007,280
5008,280
5009,282
5010,280
5011,280
5012,279
5013,276
5014,272
5015,272
5016,271
5017,270
5018,268
5019,268
5020,262
5021,262
5022,262
5023,260
5024,261
5025,259
5026,259
5027,260
5028,260
5029,260
5030,262
5031,266
5032,262
5033,264
5034,267
5035,269
5036,268
5037,268
5038,268
5039,273
5040,265
5041,271
5042,274
5043,278
5044,279
5045,279
5046,279
5047,281
5048,281
5049,280
5050,278
5051,276
5052,275
5053,276
5054,267
5055,265
5056,265
5057,266
5058,272
5059,269
5060,267
5061,266
5062,268
5063,265
5064,262
5065,260
5066,256
5067,262
5068,265
5069,266
5070,269
5071,266
5072,256
5073,256
5074,255
5075,252
5076,255
5077,259
5078,266
5079,262
5080,258
5081,258
5082,251
5083,254
5084,254
5085,251
5086,251
5087,247
5088,243
5089,243
5090,243
5091,243
5092,243
5093,243
5094,250
5095,257
5096,255
5097,254
5098,255
5099,252
5100,252
5101,253
5102,252
5103,252
5104,260
5105,252
5106,252
5107,252
5108,253
5109,256
5110,257
5111,259
5112,257
5113,260
5114,251
5115,248
5116,256
5117,258
5118,256
5119,254
5120,254
5121,255
5122,251
5123,252
5124,250
5125,248
5126,246
5127,244
5128,244
5129,226
5130,225
5131,223
5132,223
5133,218
5134,230
5135,232
5136,231
5137,234
5138,234
5139,240
5140,240
5141,245
5142,245
5143,247
5144,248
5145,248
5146,249
5147,248
5148,247
5149,247
5150,245
5151,245
5152,248
5153,248
5154,249
5155,249
5156,249
5157,249
5158,248
5159,247
5160,247
5161,245
5162,245
5163,245
5164,245
5165,246
5166,246
5167,246
5168,246
5169,246
5170,246
5171,250
5172,251
5173,254
5174,254
5175,253
5176,253
5177,253
5178,253
5179,252
5180,253
5181,253
5182,253
5183,248
5184,250
5185,244
5186,242
5187,241
5188,240
5189,248
5190,250
5191,244
5192,243
5193,239
5194,238
5195,234
5196,232
5197,231
5198,234
5199,232
5200,231
5201,230
5202,230
5203,238
5204,238
5205,238
5206,238
5207,240
5208,239
5209,239
5210,232
5211,230
5212,233
5213,233
5214,231
5215,230
5216,231
5217,231
5218,231
5219,234
5220,231
5221,231
5222,230
5223,231
5224,241
5225,242
5226,242
5227,242
5228,241
5229,238
5230,223
5231,223
5232,221
5233,221
5234,222
5235,222
5236,221
5237,218
5238,218
5239,218
5240,218
5241,220
5242,213
5243,216
5244,216
5245,214
5246,215
5247,215
5248,209
5249,204
5250,205
5251,209
5252,207
5253,207
5254,205
5255,204
5256,205
5257,207
5258,198
5259,198
5260,203
5261,200
5262,199
5263,198
5264,197
5265,197
5266,200
5267,200
5268,194
5269,209
5270,221
5271,227
5272,230
5273,231
5274,297
5275,296
5276,294
5277,294
5278,295
5279,297
5280,299
5281,302
5282,304
5283,304
5284,306
5285,307
5286,295
5287,291
5288,291
5289,287
5290,287
5291,281
5292,281
5293,275
5294,275
5295,273
5296,272
5297,272
5298,272
5299,272
5300,272
5301,272
5302,273
5303,273
5304,270
5305,270
5306,269
5307,268
5308,268
5309,268
5310,268
5311,268
5312,269
5313,269
5314,270
5315,270
5316,270
5317,269
5318,269
5319,268
5320,272
5321,272
5322,271
5323,271
5324,272
5325,271
5326,275
5327,278
5328,278
5329,295
5330,297
5331,300
5332,298
5333,298
5334,299
5335,298
5336,296
5337,297
5338,296
5339,295
5340,295
5341,287
5342,284
5343,287
5344,287
5345,284
5346,282
5347,282
5348,279
5349,279
5350,276
5351,285
5352,284
5353,284
5354,285
5355,277
5356,277
5357,276
5358,274
5359,275
5360,279
5361,278
5362,277
5363,278
5364,280
5365,279
5366,280
5367,280
5368,280
5369,281
5370,281
5371,272
5372,272
5373,272
5374,269
5375,269
5376,260
5377,264
5378,265
5379,264
5380,266
5381,268
5382,267
5383,266
5384,265
5385,265
5386,266
5387,264
5388,264
5389,261
5390,264
5391,263
5392,262
5393,262
5394,262
5395,260
5396,259
5397,255
5398,255
5399,255
5400,255
5401,255
5402,255
5403,255
5404,255
5405,255
5406,255
5407,256
5408,255
5409,255
5410,254
5411,252
5412,251
5413,251
5414,251
5415,251
5416,251
5417,251
5418,251
5419,245
5420,245
5421,249
5422,248
5423,248
5424,248
5425,248
5426,248
5427,248
5428,245
5429,242
5430,242
5431,240
5432,224
5433,212
5434,206
5435,203
5436,202
5437,133
5438,133
5439,133
5440,133
5441,133
5442,132
5443,132
5444,129
5445,126
5446,126
5447,124
5448,123
5449,124
5450,125
5451,125
5452,128
5453,128
5454,128
5455,128
5456,135
5457,142
5458,142
5459,142
5460,142
5461,141
5462,142
5463,142
5464,143
5465,142
5466,142
5467,143
5468,143
5469,143
5470,142
5471,141
5472,142
5473,142
5474,142
5475,142
5476,150
5477,150
5478,150
5479,151
5480,152
5481,152
5482,154
5483,152
5484,152
5485,159
5486,155
5487,154
5488,154
5489,154
5490,156
5491,165
5492,153
5493,151
5494,153
5495,154
5496,163
5497,162
5498,163
5499,166
5500,174
5501,176
5502,178
5503,178
5504,181
5505,192
5506,191
5507,192
5508,192
5509,192
5510,192
5511,193
5512,193
5513,192
5514,182
5515,185
5516,185
5517,186
5518,188
5519,188
5520,190
5521,190
5522,187
5523,183
5524,189
5525,190
5526,191
5527,187
5528,187
5529,188
5530,189
5531,187
5532,185
5533,184
5534,185
5535,184
5536,185
5537,184
5538,185
5539,184
5540,183
5541,179
5542,178
5543,179
5544,176
5545,173
5546,172
5547,174
5548,175
5549,175
5550,177
5551,179
5552,178
5553,178
5554,176
5555,176
5556,177
5557,178
5558,179
5559,179
5560,181
5561,181
5562,181
5563,181
5564,181
5565,181
5566,181
5567,181
5568,182
5569,187
5570,188
5571,188
5572,184
5573,184
5574,184
5575,184
5576,185
5577,186
5578,187
5579,186
5580,186
5581,186
5582,187
5583,187
5584,187
5585,187
5586,187
5587,187
5588,189
5589,190
5590,188
5591,188
5592,189
5593,191
5594,191
5595,191
5596,191
5597,190
5598,190
5599,188
5600,188
5601,188
5602,193
5603,186
5604,180
5605,181
5606,181
5607,181
5608,181
5609,180
5610,181
5611,182
5612,183
5613,183
5614,182
5615,182
5616,182
5617,183
5618,184
5619,191
5620,191
5621,192
5622,191
5623,184
5624,187
5625,189
5626,204
5627,207
5628,211
5629,211
5630,211
5631,212
5632,207
5633,207
5634,206
5635,207
5636,206
5637,202
5638,193
5639,189
5640,192
5641,190
5642,193
5643,184
5644,192
5645,203
5646,203
5647,194
5648,192
5649,190
5650,189
5651,186
5652,175
5653,175
5654,175
5655,178
5656,178
5657,179
5658,178
5659,181
5660,184
5661,186
5662,190
5663,193
5664,192
5665,189
5666,191
5667,202
5668,209
5669,210
5670,210
5671,204
5672,203
5673,201
5674,200
5675,199
5676,200
5677,199
5678,199
5679,200
5680,199
5681,202
5682,203
5683,203
5684,203
5685,204
5686,209
5687,212
5688,213
5689,213
5690,213
5691,214
5692,216
5693,214
5694,213
5695,212
5696,209
5697,207
5698,208
5699,208
5700,209
5701,210
5702,209
5703,208
5704,208
5705,208
5706,206
5707,207
5708,207
5709,207
5710,207
5711,208
5712,208
5713,208
5714,207
5715,202
5716,203
5717,203
5718,203
5719,205
5720,205
5721,205
5722,204
5723,203
5724,203
5725,203
5726,205
5727,206
5728,205
5729,204
5730,204
5731,209
5732,209
5733,209
5734,206
5735,204
5736,207
5737,208
5738,214
5739,214
5740,215
5741,217
5742,216
5743,223
5744,228
5745,232
5746,241
5747,244
5748,240
5749,258
5750,258
5751,258
5752,258
5753,258
5754,263
5755,264
5756,265
5757,265
5758,265
5759,266
5760,269
5761,270
5762,270
5763,269
5764,268
5765,260
5766,260
5767,259
5768,259
5769,262
5770,258
5771,257
5772,243
5773,240
5774,237
5775,238
5776,236
5777,235
5778,233
5779,234
5780,237
5781,234
5782,232
5783,233
5784,232
5785,231
5786,229
5787,228
5788,224
5789,225
5790,216
5791,205
5792,202
5793,203
5794,203
5795,203
5796,203
5797,203
5798,203
5799,201
5800,200
5801,197
5802,199
5803,199
5804,200
5805,197
5806,194
5807,193
5808,188
5809,187
5810,186
5811,191
5812,189
5813,176
5814,169
5815,168
5816,168
5817,168
5818,168
5819,169
5820,169
5821,171
5822,169
5823,169
5824,169
5825,169
5826,169
5827,168
5828,166
5829,176
5830,181
5831,181
5832,183
5833,179
5834,178
5835,180
5836,180
5837,179
5838,177
5839,177
5840,180
5841,180
5842,180
5843,180
5844,181
5845,181
5846,180
5847,180
5848,184
5849,185
5850,185
5851,187
5852,188
5853,187
5854,187
5855,187
5856,187
5857,186
5858,191
5859,196
5860,197
5861,200
5862,198
5863,198
5864,198
5865,199
5866,203
5867,204
5868,205
5869,205
5870,204
5871,205
5872,205
5873,205
5874,206
5875,210
5876,215
5877,210
5878,210
5879,210
5880,210
5881,212
5882,209
5883,209
5884,203
5885,201
5886,201
5887,199
5888,200
5889,193
5890,188
5891,184
5892,175
5893,172
5894,171
5895,157
5896,156
5897,155
5898,156
5899,156
5900,155
5901,154
5902,153
5903,151
5904,153
5905,154
5906,151
5907,153
5908,153
5909,155
5910,161
5911,162
5912,162
5913,162
5914,162
5915,159
5916,159
5917,161
5918,159
5919,160
5920,161
5921,159
5922,159
5923,160
5924,160
5925,160
5926,157
5927,165
5928,165
5929,165
5930,166
5931,166
5932,166
5933,164
5934,164
5935,163
5936,164
5937,164
5938,164
5939,163
5940,164
5941,164
5942,164
5943,164
5944,164
5945,164
5946,165
5947,165
5948,165
5949,165
5950,165
5951,165
5952,165
5953,164
5954,162
5955,160
5956,160
5957,155
5958,156
5959,157
5960,159
5961,159
5962,159
5963,159
5964,159
5965,158
5966,159
5967,157
5968,157
5969,158
5970,158
5971,157
5972,159
5973,159
5974,162
5975,154
5976,148
5977,147
5978,140
5979,141
5980,143
5981,140
5982,140
5983,140
5984,140
5985,141
5986,138
5987,138
5988,141
5989,141
5990,139
5991,139
5992,138
5993,137
5994,133
5995,132
5996,130
5997,128
5998,127
5999,129
6000,129
6001,130
6002,130
6003,130
6004,126
6005,121
6006,120
6007,119
6008,119
6009,120
6010,123
6011,120
6012,116
6013,115
6014,114
6015,114
6016,114
6017,113
6018,111
6019,110
6020,109
6021,105
6022,100
6023,100
6024,101
6025,103
6026,103
6027,101
6028,103
6029,103
6030,102
6031,102
6032,101
6033,101
6034,100
6035,100
6036,100
6037,99
6038,99
6039,99
6040,99
6041,96
6042,114
6043,114
6044,113
6045,114
6046,110
6047,113
6048,112
6049,123
6050,124
6051,122
6052,124
6053,122
6054,126
6055,124
6056,118
6057,117
6058,119
6059,120
6060,121
6061,122
6062,122
6063,120
6064,122
6065,121
6066,120
6067,120
6068,121
6069,120
6070,121
6071,124
6072,124
6073,119
6074,118
6075,116
6076,118
6077,118
6078,119
6079,123
6080,125
6081,129
6082,129
6083,128
6084,142
6085,143
6086,142
6087,144
6088,149
6089,154
6090,155
6091,157
6092,159
6093,159
6094,158
6095,158
6096,160
6097,162
6098,163
6099,165
6100,167
6101,173
6102,175
6103,181
6104,184
6105,184
6106,184
6107,184
6108,184
6109,190
6110,195
6111,196
6112,195
6113,196
6114,198
6115,198
6116,203
6117,203
6118,206
6119,204
6120,201
6121,199
6122,199
6123,200
6124,200
6125,199
6126,199
6127,199
6128,199
6129,202
6130,204
6131,204
6132,204
6133,204
6134,201
6135,201
6136,203
6137,203
6138,206
6139,206
6140,206
6141,206
6142,206
6143,208
6144,214
6145,214
6146,214
6147,213
6148,214
6149,215
6150,214
6151,216
6152,216
6153,214
6154,214
6155,214
6156,211
6157,212
6158,213
6159,213
6160,214
6161,215
6162,215
6163,217
6164,217
6165,217
6166,217
6167,217
6168,221
6169,225
6170,228
6171,228
6172,231
6173,231
6174,229
6175,229
6176,229
6177,231
6178,231
6179,232
6180,232
6181,236
6182,236
6183,237
6184,237
6185,237
6186,237
6187,237
6188,219
6189,219
6190,220
6191,219
6192,219
6193,219
6194,223
6195,214
6196,210
6197,210
6198,209
6199,208
6200,204
6201,206
6202,208
6203,209
6204,208
6205,207
6206,207
6207,207
6208,207
6209,207
6210,207
6211,207
6212,207
6213,207
6214,207
6215,207
6216,217
6217,226
6218,224
6219,224
6220,224
6221,226
6222,225
6223,224
6224,225
6225,227
6226,227
6227,226
6228,222
6229,224
6230,221
6231,225
6232,226
6233,224
6234,224
6235,222
6236,221
6237,219
6238,216
6239,214
6240,214
6241,200
6242,200
6243,200
6244,200
6245,201
6246,200
6247,200
6248,200
6249,195
6250,195
6251,195
6252,191
6253,197
6254,197
6255,194
6256,194
6257,195
6258,194
6259,193
6260,190
6261,189
6262,197
6263,197
6264,196
6265,193
6266,196
6267,190
6268,186
6269,186
6270,184
6271,186
6272,187
6273,186
6274,181
6275,180
6276,180
6277,179
6278,180
6279,181
6280,181
6281,183
6282,178
6283,180
6284,180
6285,184
6286,188
6287,188
6288,188
6289,189
6290,187
6291,190
6292,194
6293,191
6294,190
6295,191
6296,198
6297,201
6298,202
6299,202
6300,200
6301,202
6302,199
6303,200
6304,202
6305,203
6306,204
6307,202
6308,199
6309,200
6310,200
6311,200
6312,199
6313,198
6314,198
6315,201
6316,201
6317,201
6318,201
6319,202
6320,207
6321,206
6322,209
6323,209
6324,208
6325,207
6326,209
6327,207
6328,211
6329,211
6330,211
6331,211
6332,207
6333,203
6334,199
6335,197
6336,194
6337,194
6338,194
6339,193
6340,193
6341,192
6342,194
6343,193
6344,193
6345,191
6346,190
6347,189
6348,189
6349,189
6350,190
6351,192
6352,194
6353,194
6354,192
6355,193
6356,197
6357,196
6358,192
6359,191
6360,192
6361,192
6362,194
6363,196
6364,199
6365,205
6366,204
6367,203
6368,203
6369,195
6370,187
6371,187
6372,188
6373,188
6374,188
6375,188
6376,188
6377,186
6378,184
6379,184
6380,184
6381,184
6382,184
6383,186
6384,181
6385,181
6386,185
6387,186
6388,187
6389,186
6390,189
6391,196
6392,196
6393,197
6394,196
6395,196
6396,197
6397,195
6398,195
6399,195
6400,188
6401,187
6402,187
6403,187
6404,190
6405,191
6406,191
6407,191
6408,183
6409,182
6410,181
6411,179
6412,176
6413,176
6414,178
6415,177
6416,177
6417,175
6418,174
6419,169
6420,172
6421,172
6422,173
6423,174
6424,173
6425,173
6426,168
6427,167
6428,167
6429,165
6430,165
6431,164
6432,161
6433,160
6434,160
6435,159
6436,159
6437,159
6438,159
6439,159
6440,156
6441,156
6442,156
6443,152
6444,153
6445,155
6446,157
6447,152
6448,151
6449,149
6450,150
6451,149
6452,147
6453,152
6454,152
6455,150
6456,150
6457,150
6458,150
6459,147
6460,146
6461,149
6462,149
6463,149
6464,149
6465,149
6466,144
6467,147
6468,148
6469,149
6470,147
6471,142
6472,142
6473,138
6474,138
6475,138
6476,138
6477,136
6478,140
6479,136
6480,136
6481,136
6482,136
6483,137
6484,137
6485,138
6486,138
6487,138
6488,139
6489,139
6490,139
6491,140
6492,139
6493,138
6494,138
6495,139
6496,140
6497,142
6498,142
6499,143
6500,143
6501,148
6502,146
6503,144
6504,147
6505,148
6506,149
6507,148
6508,146
6509,146
6510,146
6511,145
6512,145
6513,142
6514,140
6515,137
6516,131
6517,130
6518,134
6519,134
6520,133
6521,137
6522,146
6523,146
6524,147
6525,144
6526,157
6527,158
6528,159
6529,162
6530,162
6531,162
6532,162
6533,160
6534,161
6535,164
6536,165
6537,160
6538,162
6539,161
6540,159
6541,157
6542,150
6543,150
6544,149
6545,154
6546,156
6547,155
6548,163
6549,166
6550,165
6551,165
6552,166
6553,167
6554,171
6555,172
6556,175
6557,175
6558,174
6559,175
6560,174
6561,174
6562,174
6563,174
6564,173
6565,172
6566,174
6567,175
6568,175
6569,177
6570,182
6571,184
6572,184
6573,185
6574,189
6575,215
6576,213
6577,213
6578,215
6579,215
6580,217
6581,217
6582,214
6583,215
6584,215
6585,225
6586,226
6587,227
6588,228
6589,231
6590,230
6591,230
6592,226
6593,224
6594,221
6595,221
6596,220
6597,221
6598,221
6599,219
6600,220
6601,220
6602,220
6603,219
6604,219
6605,221
6606,223
6607,220
6608,222
6609,225
6610,227
6611,234
6612,235
6613,233
6614,232
6615,231
6616,231
6617,231
6618,231
6619,231
6620,234
6621,234
6622,237
6623,238
6624,235
6625,235
6626,236
6627,237
6628,238
6629,237
6630,238
6631,238
6632,238
6633,238
6634,242
6635,243
6636,243
6637,243
6638,244
6639,245
6640,251
6641,251
6642,250
6643,249
6644,252
6645,251
6646,251
6647,245
6648,244
6649,245
6650,243
6651,242
6652,240
6653,239
6654,240
6655,241
6656,245
6657,247
6658,248
6659,248
6660,248
6661,248
6662,248
6663,253
6664,249
6665,248
6666,248
6667,243
6668,237
6669,237
6670,235
6671,236
6672,223
6673,222
6674,222
6675,219
6676,219
6677,219
6678,219
6679,219
6680,219
6681,219
6682,219
6683,219
6684,219
6685,219
6686,219
6687,219
6688,216
6689,213
6690,213
6691,215
6692,212
6693,212
6694,212
6695,211
6696,212
6697,213
6698,213
6699,208
6700,206
6701,206
6702,201
6703,198
6704,201
6705,202
6706,204
6707,206
6708,201
6709,197
6710,193
6711,193
6712,193
6713,191
6714,192
6715,192
6716,195
6717,195
6718,195
6719,194
6720,192
6721,191
6722,191
6723,191
6724,187
6725,182
6726,182
6727,182
6728,178
6729,150
6730,150
6731,152
6732,153
6733,154
6734,153
6735,153
6736,153
6737,161
6738,162
6739,152
6740,151
6741,150
6742,149
6743,152
6744,152
6745,150
6746,150
6747,152
6748,152
6749,152
6750,152
6751,151
6752,153
6753,151
6754,150
6755,150
6756,150
6757,150
6758,150
6759,148
6760,144
6761,146
6762,144
6763,141
6764,139
6765,132
6766,131
6767,130
6768,130
6769,130
6770,130
6771,130
6772,134
6773,134
6774,131
6775,131
6776,128
6777,128
6778,127
6779,128
6780,130
6781,131
6782,130
6783,133
6784,133
6785,132
6786,132
6787,132
6788,127
6789,128
6790,128
6791,129
6792,128
6793,127
6794,123
6795,124
6796,124
6797,123
6798,120
6799,120
6800,120
6801,123
6802,123
6803,125
6804,134
6805,136
6806,137
6807,135
6808,137
6809,138
6810,133
6811,137
6812,138
6813,140
6814,144
6815,144
6816,144
6817,139
6818,141
6819,142
6820,142
6821,143
6822,139
6823,138
6824,138
6825,136
6826,136
6827,136
6828,135
6829,134
6830,134
6831,134
6832,134
6833,134
6834,135
6835,136
6836,135
6837,135
6838,136
6839,136
6840,135
6841,135
6842,137
6843,136
6844,136
6845,137
6846,137
6847,139
6848,141
6849,141
6850,138
6851,137
6852,135
6853,132
6854,132
6855,133
6856,133
6857,135
6858,140
6859,145
6860,146
6861,149
6862,148
6863,147
6864,147
6865,147
6866,147
6867,147
6868,147
6869,148
6870,147
6871,148
6872,150
6873,158
6874,167
6875,167
6876,167
6877,165
6878,161
6879,160
6880,159
6881,161
6882,162
6883,154
6884,155
6885,156
6886,158
6887,159
6888,161
6889,156
6890,156
6891,157
6892,157
6893,156
6894,157
6895,157
6896,158
6897,161
6898,159
6899,158
6900,158
6901,158
6902,159
6903,159
6904,160
6905,160
6906,160
6907,160
6908,160
6909,160
6910,160
6911,159
6912,159
6913,159
6914,159
6915,162
6916,163
6917,165
6918,166
6919,166
6920,166
6921,168
6922,164
6923,164
6924,165
6925,166
6926,172
6927,172
6928,172
6929,171
6930,169
6931,167
6932,181
6933,178
6934,179
6935,183
6936,184
6937,185
6938,189
6939,195
6940,195
6941,193
6942,193
6943,195
6944,196
6945,196
6946,201
6947,202
6948,213
6949,215
6950,216
6951,214
6952,214
6953,211
6954,211
6955,211
6956,211
6957,215
6958,205
6959,206
6960,215
6961,214
6962,214
6963,214
6964,214
6965,214
6966,214
6967,214
6968,219
6969,217
6970,215
6971,216
6972,211
6973,209
6974,207
6975,203
6976,202
6977,204
6978,204
6979,203
6980,203
6981,203
6982,202
6983,204
6984,205
6985,208
6986,209
6987,210
6988,210
6989,212
6990,212
6991,213
6992,218
6993,221
6994,221
6995,221
6996,220
6997,219
6998,217
6999,219
7000,219
7001,224
7002,225
7003,224
7004,224
7005,224
7006,223
7007,224
7008,223
7009,221
7010,221
7011,221
7012,222
7013,220
7014,225
7015,226
7016,227
7017,229
7018,227
7019,222
7020,217
7021,215
7022,212
7023,211
7024,214
7025,214
7026,220
7027,221
7028,237
7029,238
7030,238
7031,238
7032,237
7033,236
7034,228
7035,221
7036,221
7037,223
7038,223
7039,223
7040,225
7041,228
7042,227
7043,231
7044,231
7045,229
7046,228
7047,226
7048,227
7049,230
7050,230
7051,230
7052,229
7053,229
7054,228
7055,227
7056,227
7057,226
7058,224
7059,223
7060,223
7061,222
7062,224
7063,224
7064,229
7065,228
7066,228
7067,228
7068,228
7069,229
7070,234
7071,234
7072,233
7073,232
7074,230
7075,229
7076,229
7077,234
7078,232
7079,233
7080,235
7081,236
7082,239
7083,234
7084,236
7085,239
7086,240
7087,239
7088,241
7089,227
7090,227
7091,225
7092,222
7093,221
7094,221
7095,217
7096,211
7097,212
7098,218
7099,218
7100,215
7101,217
7102,217
7103,211
7104,209
7105,198
7106,196
7107,195
7108,195
7109,195
7110,193
7111,193
7112,190
7113,180
7114,175
7115,174
7116,175
7117,174
7118,174
7119,173
7120,173
7121,177
7122,178
7123,176
7124,176
7125,176
7126,176
7127,176
7128,176
7129,176
7130,176
7131,173
7132,172
7133,172
7134,172
7135,172
7136,173
7137,173
7138,173
7139,172
7140,174
7141,173
7142,168
7143,166
7144,167
7145,167
7146,170
7147,173
7148,173
7149,172
7150,172
7151,167
7152,167
7153,167
7154,167
7155,165
7156,165
7157,166
7158,166
7159,166
7160,166
7161,167
7162,171
7163,170
7164,175
7165,175
7166,178
7167,186
7168,183
7169,182
7170,182
7171,182
7172,185
7173,183
7174,182
7175,182
7176,183
7177,183
7178,183
7179,183
7180,183
7181,180
7182,180
7183,174
7184,173
7185,166
7186,165
7187,163
7188,163
7189,163
7190,165
7191,165
7192,177
7193,179
7194,179
7195,182
7196,184
7197,189
7198,192
7199,196
7200,202
7201,203
7202,207
7203,210
7204,212
7205,218
7206,213
7207,221
7208,221
7209,221
7210,221
7211,225
7212,231
7213,231
7214,231
7215,232
7216,237
7217,237
7218,243
7219,243
7220,244
7221,242
7222,248
7223,243
7224,243
7225,247
7226,249
7227,253
7228,252
7229,250
7230,250
7231,249
7232,252
7233,252
7234,254
7235,254
7236,249
7237,249
7238,249
7239,248
7240,248
7241,244
7242,243
7243,240
7244,237
7245,239
7246,241
7247,245
7248,245
7249,247
7250,250
7251,254
7252,254
7253,253
7254,257
7255,260
7256,267
7257,261
7258,261
7259,262
7260,258
7261,257
7262,261
7263,261
7264,261
7265,261
7266,262
7267,262
7268,263
7269,263
7270,263
7271,263
7272,263
7273,264
7274,264
7275,264
7276,267
7277,267
7278,269
7279,269
7280,265
7281,264
7282,265
7283,266
7284,264
7285,264
7286,264
7287,263
7288,263
7289,262
7290,265
7291,265
7292,265
7293,266
7294,266
7295,263
7296,263
7297,266
7298,265
7299,266
7300,265
7301,263
7302,263
7303,263
7304,261
7305,262