Position,Peptide
1,L
2,L
3,L
4,L
5,L
6,L
7,L
8,L
9,L
10,L
11,L
12,L
13,L
14,L
15,L
16,L
17,L
18,L
19,L
20,L
21,L
22,L
23,L
24,L
25,L
26,L
27,L
28,L
29,L
30,L
31,L
32,L
33,L
34,L
35,L
36,L
37,L
38,L
39,L
40,L
41,L
42,L
43,L
44,L
45,L
46,L
47,L
48,L
49,L
50,L
51,L
52,L
53,L
54,L
55,L
56,L
57,L
58,L
59,L
60,L
61,L
62,L
63,L
64,L
65,L
66,L
67,L
68,L
69,L
70,L
71,L
72,L
73,L
74,L
75,L
76,L
77,L
78,L
79,L
80,L
81,L
82,L
83,L
84,L
85,L
86,L
87,L
88,L
89,L
90,L
91,L
92,L
93,L
94,L
95,L
96,L
97,L
98,L
99,L
100,L
101,L
102,L
103,L
104,L
105,L
106,L
107,L
108,L
109,L
110,L
111,L
112,L
113,L
114,L
115,L
116,L
117,L
118,L
119,L
120,L
121,L
122,L
123,L
124,L
125,L
126,L
127,L
128,L
129,L
130,L
131,L
132,L
133,L
134,L
135,L
136,L
137,L
138,L
139,L
140,L
141,L
142,L
143,L
144,L
145,L
146,L
147,L
148,L
149,L
150,L
151,L
152,L
153,L
154,L
155,L
156,L
157,L
158,L
159,L
160,L
161,L
162,L
163,L
164,L
165,L
166,L
167,L
168,L
169,L
170,L
171,L
172,L
173,L
174,L
175,L
176,L
177,L
178,L
179,L
180,L
181,L
182,L
183,L
184,L
185,L
186,L
187,L
188,L
189,L
190,L
191,L
192,L
193,L
194,L
195,L
196,L
197,L
198,L
199,L
200,L
201,L
202,L
203,L
204,L
205,L
206,L
207,L
208,L
209,L
210,L
211,L
212,L
213,L
214,L
215,L
216,L
217,L
218,L
219,L
220,L
221,L
222,L
223,L
224,L
225,L
226,L
227,L
228,L
229,L
230,L
231,L
232,L
233,L
234,L
235,L
236,L
237,L
238,L
239,L
240,L
241,L
242,L
243,L
244,L
245,L
246,L
247,L
248,L
249,L
250,L
251,L
252,L
253,L
254,L
255,L
256,L
257,L
258,L
259,L
260,L
261,L
262,L
263,L
264,L
265,L
266,L
267,L
268,L
269,L
270,L
271,L
272,L
273,L
274,L
275,L
276,L
277,L
278,L
279,L
280,L
281,L
282,L
283,L
284,L
285,L
286,L
287,L
288,L
289,L
290,L
291,L
292,L
293,L
294,L
295,L
296,L
297,L
298,L
299,L
300,L
301,L
302,L
303,L
304,L
305,L
306,L
307,L
308,L
309,L
310,L
311,L
312,L
313,L
314,L
315,L
316,L
317,L
318,L
319,L
320,L
321,L
322,L
323,L
324,L
325,L
326,L
327,L
328,L
329,L
330,L
331,L
332,L
333,L
334,L
335,L
336,L
337,L
338,L
339,L
340,L
341,L
342,L
343,L
344,L
345,L
346,L
347,L
348,L
349,L
350,L
351,L
352,L
353,L
354,L
355,L
356,L
357,L
358,L
359,L
360,L
361,L
362,L
363,L
364,L
365,L
366,L
367,L
368,L
369,L
370,L
371,L
372,L
373,L
374,L
375,L
376,L
377,L
378,L
379,L
380,L
381,L
382,L
383,L
384,L
385,L
386,L
387,L
388,L
389,L
390,L
391,L
392,L
393,L
394,L
395,L
396,L
397,L
398,L
399,L
400,L
401,L
402,L
403,L
404,L
405,L
406,L
407,L
408,L
409,L
410,L
411,L
412,L
413,L
414,L
415,L
416,L
417,L
418,L
419,L
420,L
421,L
422,L
423,L
424,L
425,L
426,L
427,L
428,L
429,L
430,L
431,L
432,L
433,L
434,L
435,L
436,L
437,L
438,L
439,L
440,L
441,L
442,L
443,L
444,L
445,L
446,L
447,L
448,L
449,L
450,L
451,L
452,L
453,L
454,L
455,L
456,L
457,L
458,L
459,L
460,L
461,L
462,L
463,L
464,L
465,L
466,L
467,L
468,L
469,L
470,L
471,L
472,L
473,L
474,L
475,L
476,L
477,L
478,L
479,L
480,L
481,L
482,L
483,L
484,L
485,L
486,L
487,L
488,L
489,L
490,L
491,L
492,L
493,L
494,L
495,L
496,L
497,L
498,L
499,L
500,L
501,L
502,L
503,L
504,L
505,L
506,L
507,L
508,L
509,L
510,L
511,L
512,L
513,L
514,L
515,L
516,L
517,L
518,L
519,L
520,L
521,L
522,L
523,L
524,L
525,L
526,L
527,L
528,L
529,L
530,L
531,L
532,L
533,L
534,L
535,L
536,L
537,L
538,L
539,L
540,L
541,L
542,L
543,L
544,L
545,L
546,L
547,L
548,L
549,L
550,L
551,L
552,L
553,L
554,L
555,L
556,VP0
557,VP0
558,VP0
559,VP0
560,VP0
561,VP0
562,VP0
563,VP0
564,VP0
565,VP0
566,VP0
567,VP0
568,VP0
569,VP0
570,VP0
571,VP0
572,VP0
573,VP0
574,VP0
575,VP0
576,VP0
577,VP0
578,VP0
579,VP0
580,VP0
581,VP0
582,VP0
583,VP0
584,VP0
585,VP0
586,VP0
587,VP0
588,VP0
589,VP0
590,VP0
591,VP0
592,VP0
593,VP0
594,VP0
595,VP0
596,VP0
597,VP0
598,VP0
599,VP0
600,VP0
601,VP0
602,VP0
603,VP0
604,VP0
605,VP0
606,VP0
607,VP0
608,VP0
609,VP0
610,VP0
611,VP0
612,VP0
613,VP0
614,VP0
615,VP0
616,VP0
617,VP0
618,VP0
619,VP0
620,VP0
621,VP0
622,VP0
623,VP0
624,VP0
625,VP0
626,VP0
627,VP0
628,VP0
629,VP0
630,VP0
631,VP0
632,VP0
633,VP0
634,VP0
635,VP0
636,VP0
637,VP0
638,VP0
639,VP0
640,VP0
641,VP0
642,VP0
643,VP0
644,VP0
645,VP0
646,VP0
647,VP0
648,VP0
649,VP0
650,VP0
651,VP0
652,VP0
653,VP0
654,VP0
655,VP0
656,VP0
657,VP0
658,VP0
659,VP0
660,VP0
661,VP0
662,VP0
663,VP0
664,VP0
665,VP0
666,VP0
667,VP0
668,VP0
669,VP0
670,VP0
671,VP0
672,VP0
673,VP0
674,VP0
675,VP0
676,VP0
677,VP0
678,VP0
679,VP0
680,VP0
681,VP0
682,VP0
683,VP0
684,VP0
685,VP0
686,VP0
687,VP0
688,VP0
689,VP0
690,VP0
691,VP0
692,VP0
693,VP0
694,VP0
695,VP0
696,VP0
697,VP0
698,VP0
699,VP0
700,VP0
701,VP0
702,VP0
703,VP0
704,VP0
705,VP0
706,VP0
707,VP0
708,VP0
709,VP0
710,VP0
711,VP0
712,VP0
713,VP0
714,VP0
715,VP0
716,VP0
717,VP0
718,VP0
719,VP0
720,VP0
721,VP0
722,VP0
723,VP0
724,VP0
725,VP0
726,VP0
727,VP0
728,VP0
729,VP0
730,VP0
731,VP0
732,VP0
733,VP0
734,VP0
735,VP0
736,VP0
737,VP0
738,VP0
739,VP0
740,VP0
741,VP0
742,VP0
743,VP0
744,VP0
745,VP0
746,VP0
747,VP0
748,VP0
749,VP0
750,VP0
751,VP0
752,VP0
753,VP0
754,VP0
755,VP0
756,VP0
757,VP0
758,VP0
759,VP0
760,VP0
761,VP0
762,VP0
763,VP0
764,VP0
765,VP0
766,VP0
767,VP0
768,VP0
769,VP0
770,VP0
771,VP0
772,VP0
773,VP0
774,VP0
775,VP0
776,VP0
777,VP0
778,VP0
779,VP0
780,VP0
781,VP0
782,VP0
783,VP0
784,VP0
785,VP0
786,VP0
787,VP0
788,VP0
789,VP0
790,VP0
791,VP0
792,VP0
793,VP0
794,VP0
795,VP0
796,VP0
797,VP0
798,VP0
799,VP0
800,VP0
801,VP0
802,VP0
803,VP0
804,VP0
805,VP0
806,VP0
807,VP0
808,VP0
809,VP0
810,VP0
811,VP0
812,VP0
813,VP0
814,VP0
815,VP0
816,VP0
817,VP0
818,VP0
819,VP0
820,VP0
821,VP0
822,VP0
823,VP0
824,VP0
825,VP0
826,VP0
827,VP0
828,VP0
829,VP0
830,VP0
831,VP0
832,VP0
833,VP0
834,VP0
835,VP0
836,VP0
837,VP0
838,VP0
839,VP0
840,VP0
841,VP0
842,VP0
843,VP0
844,VP0
845,VP0
846,VP0
847,VP0
848,VP0
849,VP0
850,VP0
851,VP0
852,VP0
853,VP0
854,VP0
855,VP0
856,VP0
857,VP0
858,VP0
859,VP0
860,VP0
861,VP0
862,VP0
863,VP0
864,VP0
865,VP0
866,VP0
867,VP0
868,VP0
869,VP0
870,VP0
871,VP0
872,VP0
873,VP0
874,VP0
875,VP0
876,VP0
877,VP0
878,VP0
879,VP0
880,VP0
881,VP0
882,VP0
883,VP0
884,VP0
885,VP0
886,VP0
887,VP0
888,VP0
889,VP0
890,VP0
891,VP0
892,VP0
893,VP0
894,VP0
895,VP0
896,VP0
897,VP0
898,VP0
899,VP0
900,VP0
901,VP0
902,VP0
903,VP0
904,VP0
905,VP0
906,VP0
907,VP0
908,VP0
909,VP0
910,VP0
911,VP0
912,VP0
913,VP0
914,VP0
915,VP0
916,VP0
917,VP0
918,VP0
919,VP0
920,VP0
921,VP0
922,VP0
923,VP0
924,VP0
925,VP0
926,VP0
927,VP0
928,VP0
929,VP0
930,VP0
931,VP0
932,VP0
933,VP0
934,VP0
935,VP0
936,VP0
937,VP0
938,VP0
939,VP0
940,VP0
941,VP0
942,VP0
943,VP0
944,VP0
945,VP0
946,VP0
947,VP0
948,VP0
949,VP0
950,VP0
951,VP0
952,VP0
953,VP0
954,VP0
955,VP0
956,VP0
957,VP0
958,VP0
959,VP0
960,VP0
961,VP0
962,VP0
963,VP0
964,VP0
965,VP0
966,VP0
967,VP0
968,VP0
969,VP0
970,VP0
971,VP0
972,VP0
973,VP0
974,VP0
975,VP0
976,VP0
977,VP0
978,VP0
979,VP0
980,VP0
981,VP0
982,VP0
983,VP0
984,VP0
985,VP0
986,VP0
987,VP0
988,VP0
989,VP0
990,VP0
991,VP0
992,VP0
993,VP0
994,VP0
995,VP0
996,VP0
997,VP0
998,VP0
999,VP0
1000,VP0
1001,VP0
1002,VP0
1003,VP0
1004,VP0
1005,VP0
1006,VP0
1007,VP0
1008,VP0
1009,VP0
1010,VP0
1011,VP0
1012,VP0
1013,VP0
1014,VP0
1015,VP0
1016,VP0
1017,VP0
1018,VP0
1019,VP0
1020,VP0
1021,VP0
1022,VP0
1023,VP0
1024,VP0
1025,VP0
1026,VP0
1027,VP0
1028,VP0
1029,VP0
1030,VP0
1031,VP0
1032,VP0
1033,VP0
1034,VP0
1035,VP0
1036,VP0
1037,VP0
1038,VP0
1039,VP0
1040,VP0
1041,VP0
1042,VP0
1043,VP0
1044,VP0
1045,VP0
1046,VP0
1047,VP0
1048,VP0
1049,VP0
1050,VP0
1051,VP0
1052,VP0
1053,VP0
1054,VP0
1055,VP0
1056,VP0
1057,VP0
1058,VP0
1059,VP0
1060,VP0
1061,VP0
1062,VP0
1063,VP0
1064,VP0
1065,VP0
1066,VP0
1067,VP0
1068,VP0
1069,VP0
1070,VP0
1071,VP0
1072,VP0
1073,VP0
1074,VP0
1075,VP0
1076,VP0
1077,VP0
1078,VP0
1079,VP0
1080,VP0
1081,VP0
1082,VP0
1083,VP0
1084,VP0
1085,VP0
1086,VP0
1087,VP0
1088,VP0
1089,VP0
1090,VP0
1091,VP0
1092,VP0
1093,VP0
1094,VP0
1095,VP0
1096,VP0
1097,VP0
1098,VP0
1099,VP0
1100,VP0
1101,VP0
1102,VP0
1103,VP0
1104,VP0
1105,VP0
1106,VP0
1107,VP0
1108,VP0
1109,VP0
1110,VP0
1111,VP0
1112,VP0
1113,VP0
1114,VP0
1115,VP0
1116,VP0
1117,VP0
1118,VP0
1119,VP0
1120,VP0
1121,VP0
1122,VP0
1123,VP0
1124,VP0
1125,VP0
1126,VP0
1127,VP0
1128,VP0
1129,VP0
1130,VP0
1131,VP0
1132,VP0
1133,VP0
1134,VP0
1135,VP0
1136,VP0
1137,VP0
1138,VP0
1139,VP0
1140,VP0
1141,VP0
1142,VP0
1143,VP0
1144,VP0
1145,VP0
1146,VP0
1147,VP0
1148,VP0
1149,VP0
1150,VP0
1151,VP0
1152,VP0
1153,VP0
1154,VP0
1155,VP0
1156,VP0
1157,VP0
1158,VP0
1159,VP0
1160,VP0
1161,VP0
1162,VP0
1163,VP0
1164,VP0
1165,VP0
1166,VP0
1167,VP0
1168,VP0
1169,VP0
1170,VP0
1171,VP0
1172,VP0
1173,VP0
1174,VP0
1175,VP0
1176,VP0
1177,VP0
1178,VP0
1179,VP0
1180,VP0
1181,VP0
1182,VP0
1183,VP0
1184,VP0
1185,VP0
1186,VP0
1187,VP0
1188,VP0
1189,VP0
1190,VP0
1191,VP0
1192,VP0
1193,VP0
1194,VP0
1195,VP0
1196,VP0
1197,VP0
1198,VP0
1199,VP0
1200,VP0
1201,VP0
1202,VP0
1203,VP0
1204,VP0
1205,VP0
1206,VP0
1207,VP0
1208,VP0
1209,VP0
1210,VP0
1211,VP0
1212,VP0
1213,VP0
1214,VP0
1215,VP0
1216,VP0
1217,VP0
1218,VP0
1219,VP0
1220,VP0
1221,VP0
1222,VP0
1223,VP0
1224,VP0
1225,VP0
1226,VP0
1227,VP0
1228,VP0
1229,VP0
1230,VP0
1231,VP0
1232,VP0
1233,VP0
1234,VP0
1235,VP0
1236,VP0
1237,VP0
1238,VP0
1239,VP0
1240,VP0
1241,VP0
1242,VP0
1243,VP0
1244,VP0
1245,VP0
1246,VP0
1247,VP0
1248,VP0
1249,VP0
1250,VP0
1251,VP0
1252,VP0
1253,VP0
1254,VP0
1255,VP0
1256,VP0
1257,VP0
1258,VP0
1259,VP0
1260,VP0
1261,VP0
1262,VP0
1263,VP0
1264,VP0
1265,VP0
1266,VP0
1267,VP0
1268,VP0
1269,VP0
1270,VP0
1271,VP0
1272,VP0
1273,VP0
1274,VP0
1275,VP0
1276,VP0
1277,VP0
1278,VP0
1279,VP0
1280,VP0
1281,VP0
1282,VP0
1283,VP0
1284,VP0
1285,VP0
1286,VP0
1287,VP0
1288,VP0
1289,VP0
1290,VP0
1291,VP0
1292,VP0
1293,VP0
1294,VP0
1295,VP0
1296,VP0
1297,VP0
1298,VP0
1299,VP0
1300,VP0
1301,VP0
1302,VP0
1303,VP0
1304,VP0
1305,VP0
1306,VP0
1307,VP0
1308,VP0
1309,VP0
1310,VP0
1311,VP0
1312,VP0
1313,VP0
1314,VP0
1315,VP0
1316,VP0
1317,VP0
1318,VP0
1319,VP0
1320,VP0
1321,VP0
1322,VP0
1323,VP0
1324,VP0
1325,VP0
1326,VP0
1327,VP0
1328,VP0
1329,VP0
1330,VP0
1331,VP0
1332,VP0
1333,VP0
1334,VP0
1335,VP0
1336,VP0
1337,VP0
1338,VP0
1339,VP0
1340,VP0
1341,VP0
1342,VP0
1343,VP0
1344,VP0
1345,VP0
1346,VP0
1347,VP0
1348,VP0
1349,VP0
1350,VP0
1351,VP0
1352,VP0
1353,VP0
1354,VP0
1355,VP0
1356,VP0
1357,VP0
1358,VP0
1359,VP0
1360,VP0
1361,VP0
1362,VP0
1363,VP0
1364,VP0
1365,VP0
1366,VP0
1367,VP0
1368,VP0
1369,VP0
1370,VP0
1371,VP0
1372,VP0
1373,VP0
1374,VP0
1375,VP0
1376,VP0
1377,VP0
1378,VP0
1379,VP0
1380,VP0
1381,VP0
1382,VP0
1383,VP0
1384,VP0
1385,VP0
1386,VP0
1387,VP0
1388,VP0
1389,VP0
1390,VP0
1391,VP0
1392,VP0
1393,VP0
1394,VP0
1395,VP0
1396,VP0
1397,VP0
1398,VP0
1399,VP0
1400,VP0
1401,VP0
1402,VP0
1403,VP0
1404,VP0
1405,VP0
1406,VP0
1407,VP0
1408,VP0
1409,VP0
1410,VP0
1411,VP0
1412,VP0
1413,VP0
1414,VP0
1415,VP0
1416,VP0
1417,VP0
1418,VP0
1419,VP0
1420,VP0
1421,VP0
1422,VP0
1423,VP0
1424,VP0
1425,VP0
1426,VP0
1427,VP0
1428,VP0
1429,VP0
1430,VP0
1431,VP0
1432,VP0
1433,VP0
1434,VP0
1435,VP0
1436,VP0
1437,VP0
1438,VP0
1439,VP0
1440,VP0
1441,VP0
1442,VP0
1443,VP0
1444,VP0
1445,VP0
1446,VP0
1447,VP0
1448,VP0
1449,VP0
1450,VP0
1451,VP0
1452,VP0
1453,VP0
1454,VP0
1455,VP0
1456,VP0
1457,VP0
1458,VP0
1459,VP0
1460,VP0
1461,VP0
1462,VP0
1463,VP0
1464,VP0
1465,VP0
1466,VP0
1467,VP0
1468,VP0
1469,VP0
1470,VP0
1471,VP0
1472,VP0
1473,VP0
1474,VP0
1475,VP0
1476,VP0
1477,VP0
1478,VP0
1479,VP0
1480,VP0
1481,VP0
1482,VP0
1483,VP0
1484,VP0
1485,VP0
1486,VP0
1487,VP0
1488,VP0
1489,VP0
1490,VP0
1491,VP0
1492,VP0
1493,VP0
1494,VP0
1495,VP0
1496,VP0
1497,VP0
1498,VP0
1499,VP0
1500,VP0
1501,VP0
1502,VP0
1503,VP0
1504,VP0
1505,VP0
1506,VP0
1507,VP0
1508,VP0
1509,VP0
1510,VP0
1511,VP0
1512,VP0
1513,VP0
1514,VP0
1515,VP0
1516,VP0
1517,VP0
1518,VP0
1519,VP0
1520,VP0
1521,VP0
1522,VP0
1523,VP0
1524,VP0
1525,VP0
1526,VP0
1527,VP0
1528,VP0
1529,VP0
1530,VP0
1531,VP0
1532,VP0
1533,VP0
1534,VP0
1535,VP0
1536,VP0
1537,VP0
1538,VP0
1539,VP0
1540,VP0
1541,VP0
1542,VP0
1543,VP0
1544,VP0
1545,VP0
1546,VP0
1547,VP0
1548,VP0
1549,VP0
1550,VP0
1551,VP0
1552,VP0
1553,VP0
1554,VP0
1555,VP0
1556,VP0
1557,VP0
1558,VP0
1559,VP0
1560,VP0
1561,VP0
1562,VP0
1563,VP0
1564,VP0
1565,VP0
1566,VP0
1567,VP0
1568,VP0
1569,VP0
1570,VP0
1571,VP0
1572,VP0
1573,VP0
1574,VP0
1575,VP0
1576,VP0
1577,VP0
1578,VP0
1579,VP0
1580,VP0
1581,VP0
1582,VP0
1583,VP0
1584,VP0
1585,VP0
1586,VP0
1587,VP0
1588,VP0
1589,VP0
1590,VP0
1591,VP0
1592,VP0
1593,VP0
1594,VP0
1595,VP0
1596,VP0
1597,VP0
1598,VP0
1599,VP0
1600,VP0
1601,VP0
1602,VP0
1603,VP0
1604,VP0
1605,VP0
1606,VP0
1607,VP0
1608,VP0
1609,VP0
1610,VP0
1611,VP0
1612,VP0
1613,VP0
1614,VP0
1615,VP0
1616,VP0
1617,VP0
1618,VP0
1619,VP0
1620,VP0
1621,VP0
1622,VP0
1623,VP0
1624,VP0
1625,VP0
1626,VP0
1627,VP0
1628,VP0
1629,VP0
1630,VP0
1631,VP0
1632,VP0
1633,VP0
1634,VP0
1635,VP0
1636,VP0
1637,VP0
1638,VP0
1639,VP0
1640,VP0
1641,VP0
1642,VP0
1643,VP0
1644,VP0
1645,VP0
1646,VP0
1647,VP0
1648,VP0
1649,VP0
1650,VP0
1651,VP0
1652,VP0
1653,VP0
1654,VP0
1655,VP0
1656,VP0
1657,VP0
1658,VP0
1659,VP0
1660,VP0
1661,VP0
1662,VP0
1663,VP0
1664,VP0
1665,VP0
1666,VP0
1667,VP0
1668,VP0
1669,VP3
1670,VP3
1671,VP3
1672,VP3
1673,VP3
1674,VP3
1675,VP3
1676,VP3
1677,VP3
1678,VP3
1679,VP3
1680,VP3
1681,VP3
1682,VP3
1683,VP3
1684,VP3
1685,VP3
1686,VP3
1687,VP3
1688,VP3
1689,VP3
1690,VP3
1691,VP3
1692,VP3
1693,VP3
1694,VP3
1695,VP3
1696,VP3
1697,VP3
1698,VP3
1699,VP3
1700,VP3
1701,VP3
1702,VP3
1703,VP3
1704,VP3
1705,VP3
1706,VP3
1707,VP3
1708,VP3
1709,VP3
1710,VP3
1711,VP3
1712,VP3
1713,VP3
1714,VP3
1715,VP3
1716,VP3
1717,VP3
1718,VP3
1719,VP3
1720,VP3
1721,VP3
1722,VP3
1723,VP3
1724,VP3
1725,VP3
1726,VP3
1727,VP3
1728,VP3
1729,VP3
1730,VP3
1731,VP3
1732,VP3
1733,VP3
1734,VP3
1735,VP3
1736,VP3
1737,VP3
1738,VP3
1739,VP3
1740,VP3
1741,VP3
1742,VP3
1743,VP3
1744,VP3
1745,VP3
1746,VP3
1747,VP3
1748,VP3
1749,VP3
1750,VP3
1751,VP3
1752,VP3
1753,VP3
1754,VP3
1755,VP3
1756,VP3
1757,VP3
1758,VP3
1759,VP3
1760,VP3
1761,VP3
1762,VP3
1763,VP3
1764,VP3
1765,VP3
1766,VP3
1767,VP3
1768,VP3
1769,VP3
1770,VP3
1771,VP3
1772,VP3
1773,VP3
1774,VP3
1775,VP3
1776,VP3
1777,VP3
1778,VP3
1779,VP3
1780,VP3
1781,VP3
1782,VP3
1783,VP3
1784,VP3
1785,VP3
1786,VP3
1787,VP3
1788,VP3
1789,VP3
1790,VP3
1791,VP3
1792,VP3
1793,VP3
1794,VP3
1795,VP3
1796,VP3
1797,VP3
1798,VP3
1799,VP3
1800,VP3
1801,VP3
1802,VP3
1803,VP3
1804,VP3
1805,VP3
1806,VP3
1807,VP3
1808,VP3
1809,VP3
1810,VP3
1811,VP3
1812,VP3
1813,VP3
1814,VP3
1815,VP3
1816,VP3
1817,VP3
1818,VP3
1819,VP3
1820,VP3
1821,VP3
1822,VP3
1823,VP3
1824,VP3
1825,VP3
1826,VP3
1827,VP3
1828,VP3
1829,VP3
1830,VP3
1831,VP3
1832,VP3
1833,VP3
1834,VP3
1835,VP3
1836,VP3
1837,VP3
1838,VP3
1839,VP3
1840,VP3
1841,VP3
1842,VP3
1843,VP3
1844,VP3
1845,VP3
1846,VP3
1847,VP3
1848,VP3
1849,VP3
1850,VP3
1851,VP3
1852,VP3
1853,VP3
1854,VP3
1855,VP3
1856,VP3
1857,VP3
1858,VP3
1859,VP3
1860,VP3
1861,VP3
1862,VP3
1863,VP3
1864,VP3
1865,VP3
1866,VP3
1867,VP3
1868,VP3
1869,VP3
1870,VP3
1871,VP3
1872,VP3
1873,VP3
1874,VP3
1875,VP3
1876,VP3
1877,VP3
1878,VP3
1879,VP3
1880,VP3
1881,VP3
1882,VP3
1883,VP3
1884,VP3
1885,VP3
1886,VP3
1887,VP3
1888,VP3
1889,VP3
1890,VP3
1891,VP3
1892,VP3
1893,VP3
1894,VP3
1895,VP3
1896,VP3
1897,VP3
1898,VP3
1899,VP3
1900,VP3
1901,VP3
1902,VP3
1903,VP3
1904,VP3
1905,VP3
1906,VP3
1907,VP3
1908,VP3
1909,VP3
1910,VP3
1911,VP3
1912,VP3
1913,VP3
1914,VP3
1915,VP3
1916,VP3
1917,VP3
1918,VP3
1919,VP3
1920,VP3
1921,VP3
1922,VP3
1923,VP3
1924,VP3
1925,VP3
1926,VP3
1927,VP3
1928,VP3
1929,VP3
1930,VP3
1931,VP3
1932,VP3
1933,VP3
1934,VP3
1935,VP3
1936,VP3
1937,VP3
1938,VP3
1939,VP3
1940,VP3
1941,VP3
1942,VP3
1943,VP3
1944,VP3
1945,VP3
1946,VP3
1947,VP3
1948,VP3
1949,VP3
1950,VP3
1951,VP3
1952,VP3
1953,VP3
1954,VP3
1955,VP3
1956,VP3
1957,VP3
1958,VP3
1959,VP3
1960,VP3
1961,VP3
1962,VP3
1963,VP3
1964,VP3
1965,VP3
1966,VP3
1967,VP3
1968,VP3
1969,VP3
1970,VP3
1971,VP3
1972,VP3
1973,VP3
1974,VP3
1975,VP3
1976,VP3
1977,VP3
1978,VP3
1979,VP3
1980,VP3
1981,VP3
1982,VP3
1983,VP3
1984,VP3
1985,VP3
1986,VP3
1987,VP3
1988,VP3
1989,VP3
1990,VP3
1991,VP3
1992,VP3
1993,VP3
1994,VP3
1995,VP3
1996,VP3
1997,VP3
1998,VP3
1999,VP3
2000,VP3
2001,VP3
2002,VP3
2003,VP3
2004,VP3
2005,VP3
2006,VP3
2007,VP3
2008,VP3
2009,VP3
2010,VP3
2011,VP3
2012,VP3
2013,VP3
2014,VP3
2015,VP3
2016,VP3
2017,VP3
2018,VP3
2019,VP3
2020,VP3
2021,VP3
2022,VP3
2023,VP3
2024,VP3
2025,VP3
2026,VP3
2027,VP3
2028,VP3
2029,VP3
2030,VP3
2031,VP3
2032,VP3
2033,VP3
2034,VP3
2035,VP3
2036,VP3
2037,VP3
2038,VP3
2039,VP3
2040,VP3
2041,VP3
2042,VP3
2043,VP3
2044,VP3
2045,VP3
2046,VP3
2047,VP3
2048,VP3
2049,VP3
2050,VP3
2051,VP3
2052,VP3
2053,VP3
2054,VP3
2055,VP3
2056,VP3
2057,VP3
2058,VP3
2059,VP3
2060,VP3
2061,VP3
2062,VP3
2063,VP3
2064,VP3
2065,VP3
2066,VP3
2067,VP3
2068,VP3
2069,VP3
2070,VP3
2071,VP3
2072,VP3
2073,VP3
2074,VP3
2075,VP3
2076,VP3
2077,VP3
2078,VP3
2079,VP3
2080,VP3
2081,VP3
2082,VP3
2083,VP3
2084,VP3
2085,VP3
2086,VP3
2087,VP3
2088,VP3
2089,VP3
2090,VP3
2091,VP3
2092,VP3
2093,VP3
2094,VP3
2095,VP3
2096,VP3
2097,VP3
2098,VP3
2099,VP3
2100,VP3
2101,VP3
2102,VP3
2103,VP3
2104,VP3
2105,VP3
2106,VP3
2107,VP3
2108,VP3
2109,VP3
2110,VP3
2111,VP3
2112,VP3
2113,VP3
2114,VP3
2115,VP3
2116,VP3
2117,VP3
2118,VP3
2119,VP3
2120,VP3
2121,VP3
2122,VP3
2123,VP3
2124,VP3
2125,VP3
2126,VP3
2127,VP3
2128,VP3
2129,VP3
2130,VP3
2131,VP3
2132,VP3
2133,VP3
2134,VP3
2135,VP3
2136,VP3
2137,VP3
2138,VP3
2139,VP3
2140,VP3
2141,VP3
2142,VP3
2143,VP3
2144,VP3
2145,VP3
2146,VP3
2147,VP3
2148,VP3
2149,VP3
2150,VP3
2151,VP3
2152,VP3
2153,VP3
2154,VP3
2155,VP3
2156,VP3
2157,VP3
2158,VP3
2159,VP3
2160,VP3
2161,VP3
2162,VP3
2163,VP3
2164,VP3
2165,VP3
2166,VP3
2167,VP3
2168,VP3
2169,VP3
2170,VP3
2171,VP3
2172,VP3
2173,VP3
2174,VP3
2175,VP3
2176,VP3
2177,VP3
2178,VP3
2179,VP3
2180,VP3
2181,VP3
2182,VP3
2183,VP3
2184,VP3
2185,VP3
2186,VP3
2187,VP3
2188,VP3
2189,VP3
2190,VP3
2191,VP3
2192,VP3
2193,VP3
2194,VP3
2195,VP3
2196,VP3
2197,VP3
2198,VP3
2199,VP3
2200,VP3
2201,VP3
2202,VP3
2203,VP3
2204,VP3
2205,VP3
2206,VP3
2207,VP3
2208,VP3
2209,VP3
2210,VP3
2211,VP3
2212,VP3
2213,VP3
2214,VP3
2215,VP3
2216,VP3
2217,VP3
2218,VP3
2219,VP3
2220,VP3
2221,VP3
2222,VP3
2223,VP3
2224,VP3
2225,VP3
2226,VP3
2227,VP3
2228,VP3
2229,VP3
2230,VP3
2231,VP3
2232,VP3
2233,VP3
2234,VP3
2235,VP3
2236,VP3
2237,VP3
2238,VP3
2239,VP3
2240,VP3
2241,VP3
2242,VP3
2243,VP3
2244,VP3
2245,VP3
2246,VP3
2247,VP3
2248,VP3
2249,VP3
2250,VP3
2251,VP3
2252,VP3
2253,VP3
2254,VP3
2255,VP3
2256,VP3
2257,VP3
2258,VP3
2259,VP3
2260,VP3
2261,VP3
2262,VP3
2263,VP3
2264,VP3
2265,VP3
2266,VP3
2267,VP3
2268,VP3
2269,VP3
2270,VP3
2271,VP3
2272,VP3
2273,VP3
2274,VP3
2275,VP3
2276,VP3
2277,VP3
2278,VP3
2279,VP3
2280,VP3
2281,VP3
2282,VP3
2283,VP3
2284,VP3
2285,VP3
2286,VP3
2287,VP3
2288,VP3
2289,VP3
2290,VP3
2291,VP3
2292,VP3
2293,VP3
2294,VP3
2295,VP3
2296,VP3
2297,VP3
2298,VP3
2299,VP3
2300,VP3
2301,VP3
2302,VP3
2303,VP3
2304,VP3
2305,VP3
2306,VP3
2307,VP3
2308,VP3
2309,VP3
2310,VP3
2311,VP3
2312,VP3
2313,VP3
2314,VP3
2315,VP3
2316,VP3
2317,VP3
2318,VP3
2319,VP3
2320,VP3
2321,VP3
2322,VP3
2323,VP3
2324,VP3
2325,VP3
2326,VP3
2327,VP3
2328,VP3
2329,VP3
2330,VP3
2331,VP3
2332,VP3
2333,VP3
2334,VP3
2335,VP3
2336,VP3
2337,VP3
2338,VP1
2339,VP1
2340,VP1
2341,VP1
2342,VP1
2343,VP1
2344,VP1
2345,VP1
2346,VP1
2347,VP1
2348,VP1
2349,VP1
2350,VP1
2351,VP1
2352,VP1
2353,VP1
2354,VP1
2355,VP1
2356,VP1
2357,VP1
2358,VP1
2359,VP1
2360,VP1
2361,VP1
2362,VP1
2363,VP1
2364,VP1
2365,VP1
2366,VP1
2367,VP1
2368,VP1
2369,VP1
2370,VP1
2371,VP1
2372,VP1
2373,VP1
2374,VP1
2375,VP1
2376,VP1
2377,VP1
2378,VP1
2379,VP1
2380,VP1
2381,VP1
2382,VP1
2383,VP1
2384,VP1
2385,VP1
2386,VP1
2387,VP1
2388,VP1
2389,VP1
2390,VP1
2391,VP1
2392,VP1
2393,VP1
2394,VP1
2395,VP1
2396,VP1
2397,VP1
2398,VP1
2399,VP1
2400,VP1
2401,VP1
2402,VP1
2403,VP1
2404,VP1
2405,VP1
2406,VP1
2407,VP1
2408,VP1
2409,VP1
2410,VP1
2411,VP1
2412,VP1
2413,VP1
2414,VP1
2415,VP1
2416,VP1
2417,VP1
2418,VP1
2419,VP1
2420,VP1
2421,VP1
2422,VP1
2423,VP1
2424,VP1
2425,VP1
2426,VP1
2427,VP1
2428,VP1
2429,VP1
2430,VP1
2431,VP1
2432,VP1
2433,VP1
2434,VP1
2435,VP1
2436,VP1
2437,VP1
2438,VP1
2439,VP1
2440,VP1
2441,VP1
2442,VP1
2443,VP1
2444,VP1
2445,VP1
2446,VP1
2447,VP1
2448,VP1
2449,VP1
2450,VP1
2451,VP1
2452,VP1
2453,VP1
2454,VP1
2455,VP1
2456,VP1
2457,VP1
2458,VP1
2459,VP1
2460,VP1
2461,VP1
2462,VP1
2463,VP1
2464,VP1
2465,VP1
2466,VP1
2467,VP1
2468,VP1
2469,VP1
2470,VP1
2471,VP1
2472,VP1
2473,VP1
2474,VP1
2475,VP1
2476,VP1
2477,VP1
2478,VP1
2479,VP1
2480,VP1
2481,VP1
2482,VP1
2483,VP1
2484,VP1
2485,VP1
2486,VP1
2487,VP1
2488,VP1
2489,VP1
2490,VP1
2491,VP1
2492,VP1
2493,VP1
2494,VP1
2495,VP1
2496,VP1
2497,VP1
2498,VP1
2499,VP1
2500,VP1
2501,VP1
2502,VP1
2503,VP1
2504,VP1
2505,VP1
2506,VP1
2507,VP1
2508,VP1
2509,VP1
2510,VP1
2511,VP1
2512,VP1
2513,VP1
2514,VP1
2515,VP1
2516,VP1
2517,VP1
2518,VP1
2519,VP1
2520,VP1
2521,VP1
2522,VP1
2523,VP1
2524,VP1
2525,VP1
2526,VP1
2527,VP1
2528,VP1
2529,VP1
2530,VP1
2531,VP1
2532,VP1
2533,VP1
2534,VP1
2535,VP1
2536,VP1
2537,VP1
2538,VP1
2539,VP1
2540,VP1
2541,VP1
2542,VP1
2543,VP1
2544,VP1
2545,VP1
2546,VP1
2547,VP1
2548,VP1
2549,VP1
2550,VP1
2551,VP1
2552,VP1
2553,VP1
2554,VP1
2555,VP1
2556,VP1
2557,VP1
2558,VP1
2559,VP1
2560,VP1
2561,VP1
2562,VP1
2563,VP1
2564,VP1
2565,VP1
2566,VP1
2567,VP1
2568,VP1
2569,VP1
2570,VP1
2571,VP1
2572,VP1
2573,VP1
2574,VP1
2575,VP1
2576,VP1
2577,VP1
2578,VP1
2579,VP1
2580,VP1
2581,VP1
2582,VP1
2583,VP1
2584,VP1
2585,VP1
2586,VP1
2587,VP1
2588,VP1
2589,VP1
2590,VP1
2591,VP1
2592,VP1
2593,VP1
2594,VP1
2595,VP1
2596,VP1
2597,VP1
2598,VP1
2599,VP1
2600,VP1
2601,VP1
2602,VP1
2603,VP1
2604,VP1
2605,VP1
2606,VP1
2607,VP1
2608,VP1
2609,VP1
2610,VP1
2611,VP1
2612,VP1
2613,VP1
2614,VP1
2615,VP1
2616,VP1
2617,VP1
2618,VP1
2619,VP1
2620,VP1
2621,VP1
2622,VP1
2623,VP1
2624,VP1
2625,VP1
2626,VP1
2627,VP1
2628,VP1
2629,VP1
2630,VP1
2631,VP1
2632,VP1
2633,VP1
2634,VP1
2635,VP1
2636,VP1
2637,VP1
2638,VP1
2639,VP1
2640,VP1
2641,VP1
2642,VP1
2643,VP1
2644,VP1
2645,VP1
2646,VP1
2647,VP1
2648,VP1
2649,VP1
2650,VP1
2651,VP1
2652,VP1
2653,VP1
2654,VP1
2655,VP1
2656,VP1
2657,VP1
2658,VP1
2659,VP1
2660,VP1
2661,VP1
2662,VP1
2663,VP1
2664,VP1
2665,VP1
2666,VP1
2667,VP1
2668,VP1
2669,VP1
2670,VP1
2671,VP1
2672,VP1
2673,VP1
2674,VP1
2675,VP1
2676,VP1
2677,VP1
2678,VP1
2679,VP1
2680,VP1
2681,VP1
2682,VP1
2683,VP1
2684,VP1
2685,VP1
2686,VP1
2687,VP1
2688,VP1
2689,VP1
2690,VP1
2691,VP1
2692,VP1
2693,VP1
2694,VP1
2695,VP1
2696,VP1
2697,VP1
2698,VP1
2699,VP1
2700,VP1
2701,VP1
2702,VP1
2703,VP1
2704,VP1
2705,VP1
2706,VP1
2707,VP1
2708,VP1
2709,VP1
2710,VP1
2711,VP1
2712,VP1
2713,VP1
2714,VP1
2715,VP1
2716,VP1
2717,VP1
2718,VP1
2719,VP1
2720,VP1
2721,VP1
2722,VP1
2723,VP1
2724,VP1
2725,VP1
2726,VP1
2727,VP1
2728,VP1
2729,VP1
2730,VP1
2731,VP1
2732,VP1
2733,VP1
2734,VP1
2735,VP1
2736,VP1
2737,VP1
2738,VP1
2739,VP1
2740,VP1
2741,VP1
2742,VP1
2743,VP1
2744,VP1
2745,VP1
2746,VP1
2747,VP1
2748,VP1
2749,VP1
2750,VP1
2751,VP1
2752,VP1
2753,VP1
2754,VP1
2755,VP1
2756,VP1
2757,VP1
2758,VP1
2759,VP1
2760,VP1
2761,VP1
2762,VP1
2763,VP1
2764,VP1
2765,VP1
2766,VP1
2767,VP1
2768,VP1
2769,VP1
2770,VP1
2771,VP1
2772,VP1
2773,VP1
2774,VP1
2775,VP1
2776,VP1
2777,VP1
2778,VP1
2779,VP1
2780,VP1
2781,VP1
2782,VP1
2783,VP1
2784,VP1
2785,VP1
2786,VP1
2787,VP1
2788,VP1
2789,VP1
2790,VP1
2791,VP1
2792,VP1
2793,VP1
2794,VP1
2795,VP1
2796,VP1
2797,VP1
2798,VP1
2799,VP1
2800,VP1
2801,VP1
2802,VP1
2803,VP1
2804,VP1
2805,VP1
2806,VP1
2807,VP1
2808,VP1
2809,VP1
2810,VP1
2811,VP1
2812,VP1
2813,VP1
2814,VP1
2815,VP1
2816,VP1
2817,VP1
2818,VP1
2819,VP1
2820,VP1
2821,VP1
2822,VP1
2823,VP1
2824,VP1
2825,VP1
2826,VP1
2827,VP1
2828,VP1
2829,VP1
2830,VP1
2831,VP1
2832,VP1
2833,VP1
2834,VP1
2835,VP1
2836,VP1
2837,VP1
2838,VP1
2839,VP1
2840,VP1
2841,VP1
2842,VP1
2843,VP1
2844,VP1
2845,VP1
2846,VP1
2847,VP1
2848,VP1
2849,VP1
2850,VP1
2851,VP1
2852,VP1
2853,VP1
2854,VP1
2855,VP1
2856,VP1
2857,VP1
2858,VP1
2859,VP1
2860,VP1
2861,VP1
2862,VP1
2863,VP1
2864,VP1
2865,VP1
2866,VP1
2867,VP1
2868,VP1
2869,VP1
2870,VP1
2871,VP1
2872,VP1
2873,VP1
2874,VP1
2875,VP1
2876,VP1
2877,VP1
2878,VP1
2879,VP1
2880,VP1
2881,VP1
2882,VP1
2883,VP1
2884,VP1
2885,VP1
2886,VP1
2887,VP1
2888,VP1
2889,VP1
2890,VP1
2891,VP1
2892,VP1
2893,VP1
2894,VP1
2895,VP1
2896,VP1
2897,VP1
2898,VP1
2899,VP1
2900,VP1
2901,VP1
2902,VP1
2903,VP1
2904,VP1
2905,VP1
2906,VP1
2907,VP1
2908,VP1
2909,VP1
2910,VP1
2911,VP1
2912,VP1
2913,VP1
2914,VP1
2915,VP1
2916,VP1
2917,VP1
2918,VP1
2919,VP1
2920,VP1
2921,VP1
2922,VP1
2923,VP1
2924,VP1
2925,VP1
2926,VP1
2927,VP1
2928,VP1
2929,VP1
2930,VP1
2931,VP1
2932,VP1
2933,VP1
2934,VP1
2935,VP1
2936,VP1
2937,VP1
2938,VP1
2939,VP1
2940,VP1
2941,VP1
2942,VP1
2943,VP1
2944,VP1
2945,VP1
2946,VP1
2947,VP1
2948,VP1
2949,VP1
2950,VP1
2951,VP1
2952,VP1
2953,VP1
2954,VP1
2955,VP1
2956,VP1
2957,VP1
2958,VP1
2959,VP1
2960,VP1
2961,VP1
2962,VP1
2963,VP1
2964,VP1
2965,VP1
2966,VP1
2967,VP1
2968,VP1
2969,VP1
2970,VP1
2971,VP1
2972,VP1
2973,VP1
2974,VP1
2975,VP1
2976,VP1
2977,VP1
2978,VP1
2979,VP1
2980,VP1
2981,VP1
2982,VP1
2983,VP1
2984,VP1
2985,VP1
2986,VP1
2987,VP1
2988,VP1
2989,VP1
2990,VP1
2991,VP1
2992,VP1
2993,VP1
2994,VP1
2995,VP1
2996,VP1
2997,VP1
2998,VP1
2999,VP1
3000,VP1
3001,VP1
3002,VP1
3003,VP1
3004,VP1
3005,VP1
3006,VP1
3007,VP1
3008,VP1
3009,VP1
3010,VP1
3011,VP1
3012,VP1
3013,VP1
3014,VP1
3015,VP1
3016,VP1
3017,VP1
3018,VP1
3019,VP1
3020,VP1
3021,VP1
3022,VP1
3023,VP1
3024,VP1
3025,VP1
3026,VP1
3027,VP1
3028,VP1
3029,VP1
3030,VP1
3031,VP1
3032,VP1
3033,VP1
3034,VP1
3035,VP1
3036,VP1
3037,VP1
3038,VP1
3039,VP1
3040,VP1
3041,VP1
3042,VP1
3043,VP1
3044,VP1
3045,VP1
3046,VP1
3047,VP1
3048,VP1
3049,VP1
3050,VP1
3051,VP1
3052,VP1
3053,VP1
3054,VP1
3055,VP1
3056,VP1
3057,VP1
3058,VP1
3059,VP1
3060,VP1
3061,VP1
3062,VP1
3063,VP1
3064,2A
3065,2A
3066,2A
3067,2A
3068,2A
3069,2A
3070,2A
3071,2A
3072,2A
3073,2A
3074,2A
3075,2A
3076,2A
3077,2A
3078,2A
3079,2A
3080,2A
3081,2A
3082,2A
3083,2A
3084,2A
3085,2A
3086,2A
3087,2A
3088,2A
3089,2A
3090,2A
3091,2A
3092,2A
3093,2A
3094,2A
3095,2A
3096,2A
3097,2A
3098,2A
3099,2A
3100,2A
3101,2A
3102,2A
3103,2A
3104,2A
3105,2A
3106,2A
3107,2A
3108,2A
3109,2A
3110,2A
3111,2A
3112,2A
3113,2A
3114,2A
3115,2A
3116,2A
3117,2A
3118,2A
3119,2A
3120,2A
3121,2A
3122,2A
3123,2A
3124,2A
3125,2A
3126,2A
3127,2A
3128,2A
3129,2A
3130,2A
3131,2A
3132,2A
3133,2A
3134,2A
3135,2A
3136,2A
3137,2A
3138,2A
3139,2A
3140,2A
3141,2A
3142,2A
3143,2A
3144,2A
3145,2A
3146,2A
3147,2A
3148,2A
3149,2A
3150,2A
3151,2A
3152,2A
3153,2A
3154,2A
3155,2A
3156,2A
3157,2A
3158,2A
3159,2A
3160,2A
3161,2A
3162,2A
3163,2A
3164,2A
3165,2A
3166,2A
3167,2A
3168,2A
3169,2A
3170,2A
3171,2A
3172,2A
3173,2A
3174,2A
3175,2A
3176,2A
3177,2A
3178,2A
3179,2A
3180,2A
3181,2A
3182,2A
3183,2A
3184,2A
3185,2A
3186,2A
3187,2A
3188,2A
3189,2A
3190,2A
3191,2A
3192,2A
3193,2A
3194,2A
3195,2A
3196,2A
3197,2A
3198,2A
3199,2A
3200,2A
3201,2A
3202,2A
3203,2A
3204,2A
3205,2A
3206,2A
3207,2A
3208,2A
3209,2A
3210,2A
3211,2A
3212,2A
3213,2A
3214,2A
3215,2A
3216,2A
3217,2A
3218,2A
3219,2A
3220,2A
3221,2A
3222,2A
3223,2A
3224,2A
3225,2A
3226,2A
3227,2A
3228,2A
3229,2A
3230,2A
3231,2A
3232,2A
3233,2A
3234,2A
3235,2A
3236,2A
3237,2A
3238,2A
3239,2A
3240,2A
3241,2A
3242,2A
3243,2A
3244,2A
3245,2A
3246,2A
3247,2A
3248,2A
3249,2A
3250,2A
3251,2A
3252,2A
3253,2A
3254,2A
3255,2A
3256,2A
3257,2A
3258,2A
3259,2A
3260,2A
3261,2A
3262,2A
3263,2A
3264,2A
3265,2A
3266,2A
3267,2A
3268,2A
3269,2A
3270,2A
3271,2A
3272,2A
3273,2A
3274,2A
3275,2A
3276,2A
3277,2A
3278,2A
3279,2A
3280,2A
3281,2A
3282,2A
3283,2A
3284,2A
3285,2A
3286,2A
3287,2A
3288,2A
3289,2A
3290,2A
3291,2A
3292,2A
3293,2A
3294,2A
3295,2A
3296,2A
3297,2A
3298,2A
3299,2A
3300,2A
3301,2A
3302,2A
3303,2A
3304,2A
3305,2A
3306,2A
3307,2A
3308,2A
3309,2A
3310,2A
3311,2A
3312,2A
3313,2A
3314,2A
3315,2A
3316,2A
3317,2A
3318,2A
3319,2A
3320,2A
3321,2A
3322,2A
3323,2A
3324,2A
3325,2A
3326,2A
3327,2A
3328,2A
3329,2A
3330,2A
3331,2A
3332,2A
3333,2A
3334,2A
3335,2A
3336,2A
3337,2A
3338,2A
3339,2A
3340,2A
3341,2A
3342,2A
3343,2A
3344,2A
3345,2A
3346,2A
3347,2A
3348,2A
3349,2A
3350,2A
3351,2A
3352,2A
3353,2A
3354,2A
3355,2A
3356,2A
3357,2A
3358,2A
3359,2A
3360,2A
3361,2A
3362,2A
3363,2A
3364,2A
3365,2A
3366,2A
3367,2A
3368,2A
3369,2A
3370,2A
3371,2A
3372,2A
3373,2A
3374,2A
3375,2A
3376,2A
3377,2A
3378,2A
3379,2A
3380,2A
3381,2A
3382,2A
3383,2A
3384,2A
3385,2A
3386,2A
3387,2A
3388,2A
3389,2A
3390,2A
3391,2A
3392,2A
3393,2A
3394,2A
3395,2A
3396,2A
3397,2A
3398,2A
3399,2A
3400,2A
3401,2A
3402,2A
3403,2A
3404,2A
3405,2A
3406,2A
3407,2A
3408,2A
3409,2A
3410,2A
3411,2A
3412,2A
3413,2A
3414,2A
3415,2A
3416,2A
3417,2A
3418,2A
3419,2A
3420,2A
3421,2A
3422,2A
3423,2A
3424,2A
3425,2A
3426,2A
3427,2A
3428,2A
3429,2A
3430,2A
3431,2A
3432,2A
3433,2A
3434,2A
3435,2A
3436,2A
3437,2A
3438,2A
3439,2A
3440,2A
3441,2A
3442,2A
3443,2A
3444,2A
3445,2A
3446,2A
3447,2A
3448,2A
3449,2A
3450,2A
3451,2A
3452,2A
3453,2A
3454,2A
3455,2A
3456,2A
3457,2A
3458,2A
3459,2A
3460,2A
3461,2A
3462,2A
3463,2A
3464,2A
3465,2A
3466,2A
3467,2A
3468,2A
3469,2A
3470,2A
3471,2A
3472,2B
3473,2B
3474,2B
3475,2B
3476,2B
3477,2B
3478,2B
3479,2B
3480,2B
3481,2B
3482,2B
3483,2B
3484,2B
3485,2B
3486,2B
3487,2B
3488,2B
3489,2B
3490,2B
3491,2B
3492,2B
3493,2B
3494,2B
3495,2B
3496,2B
3497,2B
3498,2B
3499,2B
3500,2B
3501,2B
3502,2B
3503,2B
3504,2B
3505,2B
3506,2B
3507,2B
3508,2B
3509,2B
3510,2B
3511,2B
3512,2B
3513,2B
3514,2B
3515,2B
3516,2B
3517,2B
3518,2B
3519,2B
3520,2B
3521,2B
3522,2B
3523,2B
3524,2B
3525,2B
3526,2B
3527,2B
3528,2B
3529,2B
3530,2B
3531,2B
3532,2B
3533,2B
3534,2B
3535,2B
3536,2B
3537,2B
3538,2B
3539,2B
3540,2B
3541,2B
3542,2B
3543,2B
3544,2B
3545,2B
3546,2B
3547,2B
3548,2B
3549,2B
3550,2B
3551,2B
3552,2B
3553,2B
3554,2B
3555,2B
3556,2B
3557,2B
3558,2B
3559,2B
3560,2B
3561,2B
3562,2B
3563,2B
3564,2B
3565,2B
3566,2B
3567,2B
3568,2B
3569,2B
3570,2B
3571,2B
3572,2B
3573,2B
3574,2B
3575,2B
3576,2B
3577,2B
3578,2B
3579,2B
3580,2B
3581,2B
3582,2B
3583,2B
3584,2B
3585,2B
3586,2B
3587,2B
3588,2B
3589,2B
3590,2B
3591,2B
3592,2B
3593,2B
3594,2B
3595,2B
3596,2B
3597,2B
3598,2B
3599,2B
3600,2B
3601,2B
3602,2B
3603,2B
3604,2B
3605,2B
3606,2B
3607,2B
3608,2B
3609,2B
3610,2B
3611,2B
3612,2B
3613,2B
3614,2B
3615,2B
3616,2B
3617,2B
3618,2B
3619,2B
3620,2B
3621,2B
3622,2B
3623,2B
3624,2B
3625,2B
3626,2B
3627,2B
3628,2B
3629,2B
3630,2B
3631,2B
3632,2B
3633,2B
3634,2B
3635,2B
3636,2B
3637,2B
3638,2B
3639,2B
3640,2B
3641,2B
3642,2B
3643,2B
3644,2B
3645,2B
3646,2B
3647,2B
3648,2B
3649,2B
3650,2B
3651,2B
3652,2B
3653,2B
3654,2B
3655,2B
3656,2B
3657,2B
3658,2B
3659,2B
3660,2B
3661,2B
3662,2B
3663,2B
3664,2B
3665,2B
3666,2B
3667,2B
3668,2B
3669,2B
3670,2B
3671,2B
3672,2B
3673,2B
3674,2B
3675,2B
3676,2B
3677,2B
3678,2B
3679,2B
3680,2B
3681,2B
3682,2B
3683,2B
3684,2B
3685,2B
3686,2B
3687,2B
3688,2B
3689,2B
3690,2B
3691,2B
3692,2B
3693,2B
3694,2B
3695,2B
3696,2B
3697,2B
3698,2B
3699,2B
3700,2B
3701,2B
3702,2B
3703,2B
3704,2B
3705,2B
3706,2B
3707,2B
3708,2B
3709,2B
3710,2B
3711,2B
3712,2B
3713,2B
3714,2B
3715,2B
3716,2B
3717,2B
3718,2B
3719,2B
3720,2B
3721,2B
3722,2B
3723,2B
3724,2B
3725,2B
3726,2B
3727,2B
3728,2B
3729,2B
3730,2B
3731,2B
3732,2B
3733,2B
3734,2B
3735,2B
3736,2B
3737,2B
3738,2B
3739,2B
3740,2B
3741,2B
3742,2B
3743,2B
3744,2B
3745,2B
3746,2B
3747,2B
3748,2B
3749,2B
3750,2B
3751,2B
3752,2B
3753,2B
3754,2B
3755,2B
3756,2B
3757,2B
3758,2B
3759,2B
3760,2B
3761,2B
3762,2B
3763,2B
3764,2B
3765,2B
3766,2B
3767,2B
3768,2B
3769,2B
3770,2B
3771,2B
3772,2B
3773,2B
3774,2B
3775,2B
3776,2B
3777,2B
3778,2B
3779,2B
3780,2B
3781,2B
3782,2B
3783,2B
3784,2B
3785,2B
3786,2B
3787,2B
3788,2B
3789,2B
3790,2B
3791,2B
3792,2B
3793,2B
3794,2B
3795,2B
3796,2B
3797,2B
3798,2B
3799,2B
3800,2B
3801,2B
3802,2B
3803,2B
3804,2B
3805,2B
3806,2B
3807,2B
3808,2B
3809,2B
3810,2B
3811,2B
3812,2B
3813,2B
3814,2B
3815,2B
3816,2B
3817,2B
3818,2B
3819,2B
3820,2B
3821,2B
3822,2B
3823,2B
3824,2B
3825,2B
3826,2B
3827,2B
3828,2B
3829,2B
3830,2B
3831,2B
3832,2B
3833,2B
3834,2B
3835,2B
3836,2B
3837,2B
3838,2B
3839,2B
3840,2B
3841,2B
3842,2B
3843,2B
3844,2B
3845,2B
3846,2B
3847,2B
3848,2B
3849,2B
3850,2B
3851,2B
3852,2B
3853,2B
3854,2B
3855,2B
3856,2B
3857,2B
3858,2B
3859,2B
3860,2B
3861,2B
3862,2B
3863,2B
3864,2B
3865,2B
3866,2B
3867,2B
3868,2B
3869,2B
3870,2B
3871,2B
3872,2B
3873,2B
3874,2B
3875,2B
3876,2B
3877,2B
3878,2B
3879,2B
3880,2B
3881,2B
3882,2B
3883,2B
3884,2B
3885,2B
3886,2B
3887,2B
3888,2B
3889,2B
3890,2B
3891,2B
3892,2B
3893,2B
3894,2B
3895,2B
3896,2B
3897,2B
3898,2B
3899,2B
3900,2B
3901,2B
3902,2B
3903,2B
3904,2B
3905,2B
3906,2B
3907,2B
3908,2B
3909,2B
3910,2B
3911,2B
3912,2B
3913,2B
3914,2B
3915,2B
3916,2B
3917,2B
3918,2B
3919,2B
3920,2B
3921,2B
3922,2B
3923,2B
3924,2B
3925,2B
3926,2B
3927,2B
3928,2B
3929,2B
3930,2B
3931,2B
3932,2B
3933,2B
3934,2B
3935,2B
3936,2B
3937,2B
3938,2B
3939,2B
3940,2B
3941,2B
3942,2B
3943,2B
3944,2B
3945,2B
3946,2B
3947,2B
3948,2B
3949,2B
3950,2B
3951,2B
3952,2B
3953,2B
3954,2B
3955,2B
3956,2B
3957,2B
3958,2B
3959,2B
3960,2B
3961,2B
3962,2B
3963,2B
3964,2B
3965,2B
3966,2B
3967,2C
3968,2C
3969,2C
3970,2C
3971,2C
3972,2C
3973,2C
3974,2C
3975,2C
3976,2C
3977,2C
3978,2C
3979,2C
3980,2C
3981,2C
3982,2C
3983,2C
3984,2C
3985,2C
3986,2C
3987,2C
3988,2C
3989,2C
3990,2C
3991,2C
3992,2C
3993,2C
3994,2C
3995,2C
3996,2C
3997,2C
3998,2C
3999,2C
4000,2C
4001,2C
4002,2C
4003,2C
4004,2C
4005,2C
4006,2C
4007,2C
4008,2C
4009,2C
4010,2C
4011,2C
4012,2C
4013,2C
4014,2C
4015,2C
4016,2C
4017,2C
4018,2C
4019,2C
4020,2C
4021,2C
4022,2C
4023,2C
4024,2C
4025,2C
4026,2C
4027,2C
4028,2C
4029,2C
4030,2C
4031,2C
4032,2C
4033,2C
4034,2C
4035,2C
4036,2C
4037,2C
4038,2C
4039,2C
4040,2C
4041,2C
4042,2C
4043,2C
4044,2C
4045,2C
4046,2C
4047,2C
4048,2C
4049,2C
4050,2C
4051,2C
4052,2C
4053,2C
4054,2C
4055,2C
4056,2C
4057,2C
4058,2C
4059,2C
4060,2C
4061,2C
4062,2C
4063,2C
4064,2C
4065,2C
4066,2C
4067,2C
4068,2C
4069,2C
4070,2C
4071,2C
4072,2C
4073,2C
4074,2C
4075,2C
4076,2C
4077,2C
4078,2C
4079,2C
4080,2C
4081,2C
4082,2C
4083,2C
4084,2C
4085,2C
4086,2C
4087,2C
4088,2C
4089,2C
4090,2C
4091,2C
4092,2C
4093,2C
4094,2C
4095,2C
4096,2C
4097,2C
4098,2C
4099,2C
4100,2C
4101,2C
4102,2C
4103,2C
4104,2C
4105,2C
4106,2C
4107,2C
4108,2C
4109,2C
4110,2C
4111,2C
4112,2C
4113,2C
4114,2C
4115,2C
4116,2C
4117,2C
4118,2C
4119,2C
4120,2C
4121,2C
4122,2C
4123,2C
4124,2C
4125,2C
4126,2C
4127,2C
4128,2C
4129,2C
4130,2C
4131,2C
4132,2C
4133,2C
4134,2C
4135,2C
4136,2C
4137,2C
4138,2C
4139,2C
4140,2C
4141,2C
4142,2C
4143,2C
4144,2C
4145,2C
4146,2C
4147,2C
4148,2C
4149,2C
4150,2C
4151,2C
4152,2C
4153,2C
4154,2C
4155,2C
4156,2C
4157,2C
4158,2C
4159,2C
4160,2C
4161,2C
4162,2C
4163,2C
4164,2C
4165,2C
4166,2C
4167,2C
4168,2C
4169,2C
4170,2C
4171,2C
4172,2C
4173,2C
4174,2C
4175,2C
4176,2C
4177,2C
4178,2C
4179,2C
4180,2C
4181,2C
4182,2C
4183,2C
4184,2C
4185,2C
4186,2C
4187,2C
4188,2C
4189,2C
4190,2C
4191,2C
4192,2C
4193,2C
4194,2C
4195,2C
4196,2C
4197,2C
4198,2C
4199,2C
4200,2C
4201,2C
4202,2C
4203,2C
4204,2C
4205,2C
4206,2C
4207,2C
4208,2C
4209,2C
4210,2C
4211,2C
4212,2C
4213,2C
4214,2C
4215,2C
4216,2C
4217,2C
4218,2C
4219,2C
4220,2C
4221,2C
4222,2C
4223,2C
4224,2C
4225,2C
4226,2C
4227,2C
4228,2C
4229,2C
4230,2C
4231,2C
4232,2C
4233,2C
4234,2C
4235,2C
4236,2C
4237,2C
4238,2C
4239,2C
4240,2C
4241,2C
4242,2C
4243,2C
4244,2C
4245,2C
4246,2C
4247,2C
4248,2C
4249,2C
4250,2C
4251,2C
4252,2C
4253,2C
4254,2C
4255,2C
4256,2C
4257,2C
4258,2C
4259,2C
4260,2C
4261,2C
4262,2C
4263,2C
4264,2C
4265,2C
4266,2C
4267,2C
4268,2C
4269,2C
4270,2C
4271,2C
4272,2C
4273,2C
4274,2C
4275,2C
4276,2C
4277,2C
4278,2C
4279,2C
4280,2C
4281,2C
4282,2C
4283,2C
4284,2C
4285,2C
4286,2C
4287,2C
4288,2C
4289,2C
4290,2C
4291,2C
4292,2C
4293,2C
4294,2C
4295,2C
4296,2C
4297,2C
4298,2C
4299,2C
4300,2C
4301,2C
4302,2C
4303,2C
4304,2C
4305,2C
4306,2C
4307,2C
4308,2C
4309,2C
4310,2C
4311,2C
4312,2C
4313,2C
4314,2C
4315,2C
4316,2C
4317,2C
4318,2C
4319,2C
4320,2C
4321,2C
4322,2C
4323,2C
4324,2C
4325,2C
4326,2C
4327,2C
4328,2C
4329,2C
4330,2C
4331,2C
4332,2C
4333,2C
4334,2C
4335,2C
4336,2C
4337,2C
4338,2C
4339,2C
4340,2C
4341,2C
4342,2C
4343,2C
4344,2C
4345,2C
4346,2C
4347,2C
4348,2C
4349,2C
4350,2C
4351,2C
4352,2C
4353,2C
4354,2C
4355,2C
4356,2C
4357,2C
4358,2C
4359,2C
4360,2C
4361,2C
4362,2C
4363,2C
4364,2C
4365,2C
4366,2C
4367,2C
4368,2C
4369,2C
4370,2C
4371,2C
4372,2C
4373,2C
4374,2C
4375,2C
4376,2C
4377,2C
4378,2C
4379,2C
4380,2C
4381,2C
4382,2C
4383,2C
4384,2C
4385,2C
4386,2C
4387,2C
4388,2C
4389,2C
4390,2C
4391,2C
4392,2C
4393,2C
4394,2C
4395,2C
4396,2C
4397,2C
4398,2C
4399,2C
4400,2C
4401,2C
4402,2C
4403,2C
4404,2C
4405,2C
4406,2C
4407,2C
4408,2C
4409,2C
4410,2C
4411,2C
4412,2C
4413,2C
4414,2C
4415,2C
4416,2C
4417,2C
4418,2C
4419,2C
4420,2C
4421,2C
4422,2C
4423,2C
4424,2C
4425,2C
4426,2C
4427,2C
4428,2C
4429,2C
4430,2C
4431,2C
4432,2C
4433,2C
4434,2C
4435,2C
4436,2C
4437,2C
4438,2C
4439,2C
4440,2C
4441,2C
4442,2C
4443,2C
4444,2C
4445,2C
4446,2C
4447,2C
4448,2C
4449,2C
4450,2C
4451,2C
4452,2C
4453,2C
4454,2C
4455,2C
4456,2C
4457,2C
4458,2C
4459,2C
4460,2C
4461,2C
4462,2C
4463,2C
4464,2C
4465,2C
4466,2C
4467,2C
4468,2C
4469,2C
4470,2C
4471,2C
4472,2C
4473,2C
4474,2C
4475,2C
4476,2C
4477,2C
4478,2C
4479,2C
4480,2C
4481,2C
4482,2C
4483,2C
4484,2C
4485,2C
4486,2C
4487,2C
4488,2C
4489,2C
4490,2C
4491,2C
4492,2C
4493,2C
4494,2C
4495,2C
4496,2C
4497,2C
4498,2C
4499,2C
4500,2C
4501,2C
4502,2C
4503,2C
4504,2C
4505,2C
4506,2C
4507,2C
4508,2C
4509,2C
4510,2C
4511,2C
4512,2C
4513,2C
4514,2C
4515,2C
4516,2C
4517,2C
4518,2C
4519,2C
4520,2C
4521,2C
4522,2C
4523,2C
4524,2C
4525,2C
4526,2C
4527,2C
4528,2C
4529,2C
4530,2C
4531,2C
4532,2C
4533,2C
4534,2C
4535,2C
4536,2C
4537,2C
4538,2C
4539,2C
4540,2C
4541,2C
4542,2C
4543,2C
4544,2C
4545,2C
4546,2C
4547,2C
4548,2C
4549,2C
4550,2C
4551,2C
4552,2C
4553,2C
4554,2C
4555,2C
4556,2C
4557,2C
4558,2C
4559,2C
4560,2C
4561,2C
4562,2C
4563,2C
4564,2C
4565,2C
4566,2C
4567,2C
4568,2C
4569,2C
4570,2C
4571,2C
4572,2C
4573,2C
4574,2C
4575,2C
4576,2C
4577,2C
4578,2C
4579,2C
4580,2C
4581,2C
4582,2C
4583,2C
4584,2C
4585,2C
4586,2C
4587,2C
4588,2C
4589,2C
4590,2C
4591,2C
4592,2C
4593,2C
4594,2C
4595,2C
4596,2C
4597,2C
4598,2C
4599,2C
4600,2C
4601,2C
4602,2C
4603,2C
4604,2C
4605,2C
4606,2C
4607,2C
4608,2C
4609,2C
4610,2C
4611,2C
4612,2C
4613,2C
4614,2C
4615,2C
4616,2C
4617,2C
4618,2C
4619,2C
4620,2C
4621,2C
4622,2C
4623,2C
4624,2C
4625,2C
4626,2C
4627,2C
4628,2C
4629,2C
4630,2C
4631,2C
4632,2C
4633,2C
4634,2C
4635,2C
4636,2C
4637,2C
4638,2C
4639,2C
4640,2C
4641,2C
4642,2C
4643,2C
4644,2C
4645,2C
4646,2C
4647,2C
4648,2C
4649,2C
4650,2C
4651,2C
4652,2C
4653,2C
4654,2C
4655,2C
4656,2C
4657,2C
4658,2C
4659,2C
4660,2C
4661,2C
4662,2C
4663,2C
4664,2C
4665,2C
4666,2C
4667,2C
4668,2C
4669,2C
4670,2C
4671,2C
4672,2C
4673,2C
4674,2C
4675,2C
4676,2C
4677,2C
4678,2C
4679,2C
4680,2C
4681,2C
4682,2C
4683,2C
4684,2C
4685,2C
4686,2C
4687,2C
4688,2C
4689,2C
4690,2C
4691,2C
4692,2C
4693,2C
4694,2C
4695,2C
4696,2C
4697,2C
4698,2C
4699,2C
4700,2C
4701,2C
4702,2C
4703,2C
4704,2C
4705,2C
4706,2C
4707,2C
4708,2C
4709,2C
4710,2C
4711,2C
4712,2C
4713,2C
4714,2C
4715,2C
4716,2C
4717,2C
4718,2C
4719,2C
4720,2C
4721,2C
4722,2C
4723,2C
4724,2C
4725,2C
4726,2C
4727,2C
4728,2C
4729,2C
4730,2C
4731,2C
4732,2C
4733,2C
4734,2C
4735,2C
4736,2C
4737,2C
4738,2C
4739,2C
4740,2C
4741,2C
4742,2C
4743,2C
4744,2C
4745,2C
4746,2C
4747,2C
4748,2C
4749,2C
4750,2C
4751,2C
4752,2C
4753,2C
4754,2C
4755,2C
4756,2C
4757,2C
4758,2C
4759,2C
4760,2C
4761,2C
4762,2C
4763,2C
4764,2C
4765,2C
4766,2C
4767,2C
4768,2C
4769,2C
4770,2C
4771,2C
4772,2C
4773,2C
4774,2C
4775,2C
4776,2C
4777,2C
4778,2C
4779,2C
4780,2C
4781,2C
4782,2C
4783,2C
4784,2C
4785,2C
4786,2C
4787,2C
4788,2C
4789,2C
4790,2C
4791,2C
4792,2C
4793,2C
4794,2C
4795,2C
4796,2C
4797,2C
4798,2C
4799,2C
4800,2C
4801,2C
4802,2C
4803,2C
4804,2C
4805,2C
4806,2C
4807,2C
4808,2C
4809,2C
4810,2C
4811,2C
4812,2C
4813,2C
4814,2C
4815,2C
4816,2C
4817,2C
4818,2C
4819,2C
4820,2C
4821,2C
4822,2C
4823,2C
4824,2C
4825,2C
4826,2C
4827,2C
4828,2C
4829,2C
4830,2C
4831,2C
4832,2C
4833,2C
4834,2C
4835,2C
4836,2C
4837,2C
4838,2C
4839,2C
4840,2C
4841,2C
4842,2C
4843,2C
4844,2C
4845,2C
4846,2C
4847,2C
4848,2C
4849,2C
4850,2C
4851,2C
4852,2C
4853,2C
4854,2C
4855,2C
4856,2C
4857,2C
4858,2C
4859,2C
4860,2C
4861,2C
4862,2C
4863,2C
4864,2C
4865,2C
4866,2C
4867,2C
4868,2C
4869,2C
4870,2C
4871,2C
4872,2C
4873,2C
4874,2C
4875,2C
4876,2C
4877,2C
4878,2C
4879,2C
4880,2C
4881,2C
4882,2C
4883,2C
4884,2C
4885,2C
4886,2C
4887,2C
4888,2C
4889,2C
4890,2C
4891,2C
4892,2C
4893,2C
4894,2C
4895,2C
4896,2C
4897,2C
4898,2C
4899,2C
4900,2C
4901,2C
4902,2C
4903,2C
4904,2C
4905,2C
4906,2C
4907,2C
4908,2C
4909,2C
4910,2C
4911,2C
4912,2C
4913,2C
4914,2C
4915,2C
4916,2C
4917,2C
4918,2C
4919,2C
4920,2C
4921,2C
4922,2C
4923,2C
4924,2C
4925,2C
4926,2C
4927,2C
4928,2C
4929,2C
4930,2C
4931,2C
4932,2C
4933,2C
4934,2C
4935,2C
4936,2C
4937,2C
4938,2C
4939,2C
4940,2C
4941,2C
4942,2C
4943,2C
4944,2C
4945,2C
4946,2C
4947,2C
4948,2C
4949,2C
4950,2C
4951,2C
4952,2C
4953,2C
4954,2C
4955,2C
4956,2C
4957,2C
4958,2C
4959,2C
4960,2C
4961,2C
4962,2C
4963,2C
4964,2C
4965,2C
4966,2C
4967,2C
4968,2C
4969,2C
4970,2C
4971,2C
4972,3A
4973,3A
4974,3A
4975,3A
4976,3A
4977,3A
4978,3A
4979,3A
4980,3A
4981,3A
4982,3A
4983,3A
4984,3A
4985,3A
4986,3A
4987,3A
4988,3A
4989,3A
4990,3A
4991,3A
4992,3A
4993,3A
4994,3A
4995,3A
4996,3A
4997,3A
4998,3A
4999,3A
5000,3A
5001,3A
5002,3A
5003,3A
5004,3A
5005,3A
5006,3A
5007,3A
5008,3A
5009,3A
5010,3A
5011,3A
5012,3A
5013,3A
5014,3A
5015,3A
5016,3A
5017,3A
5018,3A
5019,3A
5020,3A
5021,3A
5022,3A
5023,3A
5024,3A
5025,3A
5026,3A
5027,3A
5028,3A
5029,3A
5030,3A
5031,3A
5032,3A
5033,3A
5034,3A
5035,3A
5036,3A
5037,3A
5038,3A
5039,3A
5040,3A
5041,3A
5042,3A
5043,3A
5044,3A
5045,3A
5046,3A
5047,3A
5048,3A
5049,3A
5050,3A
5051,3A
5052,3A
5053,3A
5054,3A
5055,3A
5056,3A
5057,3A
5058,3A
5059,3A
5060,3A
5061,3A
5062,3A
5063,3A
5064,3A
5065,3A
5066,3A
5067,3A
5068,3A
5069,3A
5070,3A
5071,3A
5072,3A
5073,3A
5074,3A
5075,3A
5076,3A
5077,3A
5078,3A
5079,3A
5080,3A
5081,3A
5082,3A
5083,3A
5084,3A
5085,3A
5086,3A
5087,3A
5088,3A
5089,3A
5090,3A
5091,3A
5092,3A
5093,3A
5094,3A
5095,3A
5096,3A
5097,3A
5098,3A
5099,3A
5100,3A
5101,3A
5102,3A
5103,3A
5104,3A
5105,3A
5106,3A
5107,3A
5108,3A
5109,3A
5110,3A
5111,3A
5112,3A
5113,3A
5114,3A
5115,3A
5116,3A
5117,3A
5118,3A
5119,3A
5120,3A
5121,3A
5122,3A
5123,3A
5124,3A
5125,3A
5126,3A
5127,3A
5128,3A
5129,3A
5130,3A
5131,3A
5132,3A
5133,3A
5134,3A
5135,3A
5136,3A
5137,3A
5138,3A
5139,3A
5140,3A
5141,3A
5142,3A
5143,3A
5144,3A
5145,3A
5146,3A
5147,3A
5148,3A
5149,3A
5150,3A
5151,3A
5152,3A
5153,3A
5154,3A
5155,3A
5156,3A
5157,3A
5158,3A
5159,3A
5160,3A
5161,3A
5162,3A
5163,3A
5164,3A
5165,3A
5166,3A
5167,3A
5168,3A
5169,3A
5170,3A
5171,3A
5172,3A
5173,3A
5174,3A
5175,3A
5176,3A
5177,3A
5178,3A
5179,3A
5180,3A
5181,3A
5182,3A
5183,3A
5184,3A
5185,3A
5186,3A
5187,3A
5188,3A
5189,3A
5190,3A
5191,3A
5192,3A
5193,3A
5194,3A
5195,3A
5196,3A
5197,3A
5198,3A
5199,3A
5200,3A
5201,3A
5202,3A
5203,3A
5204,3A
5205,3A
5206,3A
5207,3A
5208,3A
5209,3A
5210,3A
5211,3A
5212,3A
5213,3A
5214,3A
5215,3A
5216,3A
5217,3A
5218,3A
5219,3A
5220,3A
5221,3A
5222,3A
5223,3A
5224,3A
5225,3A
5226,3A
5227,3A
5228,3A
5229,3A
5230,3A
5231,3A
5232,3A
5233,3A
5234,3A
5235,3A
5236,3A
5237,3A
5238,3A
5239,3A
5240,3A
5241,3A
5242,3A
5243,3A
5244,3A
5245,3A
5246,3A
5247,3A
5248,3A
5249,3A
5250,3A
5251,3B
5252,3B
5253,3B
5254,3B
5255,3B
5256,3B
5257,3B
5258,3B
5259,3B
5260,3B
5261,3B
5262,3B
5263,3B
5264,3B
5265,3B
5266,3B
5267,3B
5268,3B
5269,3B
5270,3B
5271,3B
5272,3B
5273,3B
5274,3B
5275,3B
5276,3B
5277,3B
5278,3B
5279,3B
5280,3B
5281,3B
5282,3B
5283,3B
5284,3B
5285,3B
5286,3B
5287,3B
5288,3B
5289,3B
5290,3B
5291,3B
5292,3B
5293,3B
5294,3B
5295,3B
5296,3B
5297,3B
5298,3B
5299,3B
5300,3B
5301,3B
5302,3B
5303,3B
5304,3B
5305,3B
5306,3B
5307,3B
5308,3B
5309,3B
5310,3B
5311,3B
5312,3B
5313,3B
5314,3B
5315,3B
5316,3B
5317,3B
5318,3B
5319,3B
5320,3B
5321,3B
5322,3B
5323,3B
5324,3B
5325,3B
5326,3B
5327,3B
5328,3B
5329,3C
5330,3C
5331,3C
5332,3C
5333,3C
5334,3C
5335,3C
5336,3C
5337,3C
5338,3C
5339,3C
5340,3C
5341,3C
5342,3C
5343,3C
5344,3C
5345,3C
5346,3C
5347,3C
5348,3C
5349,3C
5350,3C
5351,3C
5352,3C
5353,3C
5354,3C
5355,3C
5356,3C
5357,3C
5358,3C
5359,3C
5360,3C
5361,3C
5362,3C
5363,3C
5364,3C
5365,3C
5366,3C
5367,3C
5368,3C
5369,3C
5370,3C
5371,3C
5372,3C
5373,3C
5374,3C
5375,3C
5376,3C
5377,3C
5378,3C
5379,3C
5380,3C
5381,3C
5382,3C
5383,3C
5384,3C
5385,3C
5386,3C
5387,3C
5388,3C
5389,3C
5390,3C
5391,3C
5392,3C
5393,3C
5394,3C
5395,3C
5396,3C
5397,3C
5398,3C
5399,3C
5400,3C
5401,3C
5402,3C
5403,3C
5404,3C
5405,3C
5406,3C
5407,3C
5408,3C
5409,3C
5410,3C
5411,3C
5412,3C
5413,3C
5414,3C
5415,3C
5416,3C
5417,3C
5418,3C
5419,3C
5420,3C
5421,3C
5422,3C
5423,3C
5424,3C
5425,3C
5426,3C
5427,3C
5428,3C
5429,3C
5430,3C
5431,3C
5432,3C
5433,3C
5434,3C
5435,3C
5436,3C
5437,3C
5438,3C
5439,3C
5440,3C
5441,3C
5442,3C
5443,3C
5444,3C
5445,3C
5446,3C
5447,3C
5448,3C
5449,3C
5450,3C
5451,3C
5452,3C
5453,3C
5454,3C
5455,3C
5456,3C
5457,3C
5458,3C
5459,3C
5460,3C
5461,3C
5462,3C
5463,3C
5464,3C
5465,3C
5466,3C
5467,3C
5468,3C
5469,3C
5470,3C
5471,3C
5472,3C
5473,3C
5474,3C
5475,3C
5476,3C
5477,3C
5478,3C
5479,3C
5480,3C
5481,3C
5482,3C
5483,3C
5484,3C
5485,3C
5486,3C
5487,3C
5488,3C
5489,3C
5490,3C
5491,3C
5492,3C
5493,3C
5494,3C
5495,3C
5496,3C
5497,3C
5498,3C
5499,3C
5500,3C
5501,3C
5502,3C
5503,3C
5504,3C
5505,3C
5506,3C
5507,3C
5508,3C
5509,3C
5510,3C
5511,3C
5512,3C
5513,3C
5514,3C
5515,3C
5516,3C
5517,3C
5518,3C
5519,3C
5520,3C
5521,3C
5522,3C
5523,3C
5524,3C
5525,3C
5526,3C
5527,3C
5528,3C
5529,3C
5530,3C
5531,3C
5532,3C
5533,3C
5534,3C
5535,3C
5536,3C
5537,3C
5538,3C
5539,3C
5540,3C
5541,3C
5542,3C
5543,3C
5544,3C
5545,3C
5546,3C
5547,3C
5548,3C
5549,3C
5550,3C
5551,3C
5552,3C
5553,3C
5554,3C
5555,3C
5556,3C
5557,3C
5558,3C
5559,3C
5560,3C
5561,3C
5562,3C
5563,3C
5564,3C
5565,3C
5566,3C
5567,3C
5568,3C
5569,3C
5570,3C
5571,3C
5572,3C
5573,3C
5574,3C
5575,3C
5576,3C
5577,3C
5578,3C
5579,3C
5580,3C
5581,3C
5582,3C
5583,3C
5584,3C
5585,3C
5586,3C
5587,3C
5588,3C
5589,3C
5590,3C
5591,3C
5592,3C
5593,3C
5594,3C
5595,3C
5596,3C
5597,3C
5598,3C
5599,3C
5600,3C
5601,3C
5602,3C
5603,3C
5604,3C
5605,3C
5606,3C
5607,3C
5608,3C
5609,3C
5610,3C
5611,3C
5612,3C
5613,3C
5614,3C
5615,3C
5616,3C
5617,3C
5618,3C
5619,3C
5620,3C
5621,3C
5622,3C
5623,3C
5624,3C
5625,3C
5626,3C
5627,3C
5628,3C
5629,3C
5630,3C
5631,3C
5632,3C
5633,3C
5634,3C
5635,3C
5636,3C
5637,3C
5638,3C
5639,3C
5640,3C
5641,3C
5642,3C
5643,3C
5644,3C
5645,3C
5646,3C
5647,3C
5648,3C
5649,3C
5650,3C
5651,3C
5652,3C
5653,3C
5654,3C
5655,3C
5656,3C
5657,3C
5658,3C
5659,3C
5660,3C
5661,3C
5662,3C
5663,3C
5664,3C
5665,3C
5666,3C
5667,3C
5668,3C
5669,3C
5670,3C
5671,3C
5672,3C
5673,3C
5674,3C
5675,3C
5676,3C
5677,3C
5678,3C
5679,3C
5680,3C
5681,3C
5682,3C
5683,3C
5684,3C
5685,3C
5686,3C
5687,3C
5688,3C
5689,3C
5690,3C
5691,3C
5692,3C
5693,3C
5694,3C
5695,3C
5696,3C
5697,3C
5698,3C
5699,3C
5700,3C
5701,3C
5702,3C
5703,3C
5704,3C
5705,3C
5706,3C
5707,3C
5708,3C
5709,3C
5710,3C
5711,3C
5712,3C
5713,3C
5714,3C
5715,3C
5716,3C
5717,3C
5718,3C
5719,3C
5720,3C
5721,3C
5722,3C
5723,3C
5724,3C
5725,3C
5726,3C
5727,3C
5728,3C
5729,3C
5730,3C
5731,3C
5732,3C
5733,3C
5734,3C
5735,3C
5736,3C
5737,3C
5738,3C
5739,3C
5740,3C
5741,3C
5742,3C
5743,3C
5744,3C
5745,3C
5746,3C
5747,3C
5748,3C
5749,3C
5750,3C
5751,3C
5752,3C
5753,3C
5754,3C
5755,3C
5756,3C
5757,3C
5758,3C
5759,3C
5760,3C
5761,3C
5762,3C
5763,3C
5764,3C
5765,3C
5766,3C
5767,3C
5768,3C
5769,3C
5770,3C
5771,3C
5772,3C
5773,3C
5774,3C
5775,3C
5776,3C
5777,3C
5778,3C
5779,3C
5780,3C
5781,3C
5782,3C
5783,3C
5784,3C
5785,3C
5786,3C
5787,3C
5788,3C
5789,3C
5790,3C
5791,3C
5792,3C
5793,3C
5794,3C
5795,3C
5796,3C
5797,3C
5798,3C
5799,3C
5800,3C
5801,3C
5802,3C
5803,3C
5804,3C
5805,3C
5806,3C
5807,3C
5808,3C
5809,3C
5810,3C
5811,3C
5812,3C
5813,3C
5814,3C
5815,3C
5816,3C
5817,3C
5818,3C
5819,3C
5820,3C
5821,3C
5822,3C
5823,3C
5824,3C
5825,3C
5826,3C
5827,3C
5828,3C
5829,3C
5830,3C
5831,3C
5832,3C
5833,3C
5834,3C
5835,3C
5836,3C
5837,3C
5838,3C
5839,3C
5840,3C
5841,3C
5842,3C
5843,3C
5844,3C
5845,3C
5846,3C
5847,3C
5848,3C
5849,3C
5850,3C
5851,3C
5852,3C
5853,3C
5854,3C
5855,3C
5856,3C
5857,3C
5858,3C
5859,3C
5860,3C
5861,3C
5862,3C
5863,3C
5864,3C
5865,3C
5866,3C
5867,3C
5868,3C
5869,3C
5870,3C
5871,3C
5872,3C
5873,3C
5874,3C
5875,3C
5876,3C
5877,3C
5878,3C
5879,3C
5880,3C
5881,3C
5882,3C
5883,3C
5884,3C
5885,3C
5886,3C
5887,3C
5888,3C
5889,3C
5890,3C
5891,3C
5892,3C
5893,3C
5894,3C
5895,3C
5896,3C
5897,3C
5898,3C
5899,3D
5900,3D
5901,3D
5902,3D
5903,3D
5904,3D
5905,3D
5906,3D
5907,3D
5908,3D
5909,3D
5910,3D
5911,3D
5912,3D
5913,3D
5914,3D
5915,3D
5916,3D
5917,3D
5918,3D
5919,3D
5920,3D
5921,3D
5922,3D
5923,3D
5924,3D
5925,3D
5926,3D
5927,3D
5928,3D
5929,3D
5930,3D
5931,3D
5932,3D
5933,3D
5934,3D
5935,3D
5936,3D
5937,3D
5938,3D
5939,3D
5940,3D
5941,3D
5942,3D
5943,3D
5944,3D
5945,3D
5946,3D
5947,3D
5948,3D
5949,3D
5950,3D
5951,3D
5952,3D
5953,3D
5954,3D
5955,3D
5956,3D
5957,3D
5958,3D
5959,3D
5960,3D
5961,3D
5962,3D
5963,3D
5964,3D
5965,3D
5966,3D
5967,3D
5968,3D
5969,3D
5970,3D
5971,3D
5972,3D
5973,3D
5974,3D
5975,3D
5976,3D
5977,3D
5978,3D
5979,3D
5980,3D
5981,3D
5982,3D
5983,3D
5984,3D
5985,3D
5986,3D
5987,3D
5988,3D
5989,3D
5990,3D
5991,3D
5992,3D
5993,3D
5994,3D
5995,3D
5996,3D
5997,3D
5998,3D
5999,3D
6000,3D
6001,3D
6002,3D
6003,3D
6004,3D
6005,3D
6006,3D
6007,3D
6008,3D
6009,3D
6010,3D
6011,3D
6012,3D
6013,3D
6014,3D
6015,3D
6016,3D
6017,3D
6018,3D
6019,3D
6020,3D
6021,3D
6022,3D
6023,3D
6024,3D
6025,3D
6026,3D
6027,3D
6028,3D
6029,3D
6030,3D
6031,3D
6032,3D
6033,3D
6034,3D
6035,3D
6036,3D
6037,3D
6038,3D
6039,3D
6040,3D
6041,3D
6042,3D
6043,3D
6044,3D
6045,3D
6046,3D
6047,3D
6048,3D
6049,3D
6050,3D
6051,3D
6052,3D
6053,3D
6054,3D
6055,3D
6056,3D
6057,3D
6058,3D
6059,3D
6060,3D
6061,3D
6062,3D
6063,3D
6064,3D
6065,3D
6066,3D
6067,3D
6068,3D
6069,3D
6070,3D
6071,3D
6072,3D
6073,3D
6074,3D
6075,3D
6076,3D
6077,3D
6078,3D
6079,3D
6080,3D
6081,3D
6082,3D
6083,3D
6084,3D
6085,3D
6086,3D
6087,3D
6088,3D
6089,3D
6090,3D
6091,3D
6092,3D
6093,3D
6094,3D
6095,3D
6096,3D
6097,3D
6098,3D
6099,3D
6100,3D
6101,3D
6102,3D
6103,3D
6104,3D
6105,3D
6106,3D
6107,3D
6108,3D
6109,3D
6110,3D
6111,3D
6112,3D
6113,3D
6114,3D
6115,3D
6116,3D
6117,3D
6118,3D
6119,3D
6120,3D
6121,3D
6122,3D
6123,3D
6124,3D
6125,3D
6126,3D
6127,3D
6128,3D
6129,3D
6130,3D
6131,3D
6132,3D
6133,3D
6134,3D
6135,3D
6136,3D
6137,3D
6138,3D
6139,3D
6140,3D
6141,3D
6142,3D
6143,3D
6144,3D
6145,3D
6146,3D
6147,3D
6148,3D
6149,3D
6150,3D
6151,3D
6152,3D
6153,3D
6154,3D
6155,3D
6156,3D
6157,3D
6158,3D
6159,3D
6160,3D
6161,3D
6162,3D
6163,3D
6164,3D
6165,3D
6166,3D
6167,3D
6168,3D
6169,3D
6170,3D
6171,3D
6172,3D
6173,3D
6174,3D
6175,3D
6176,3D
6177,3D
6178,3D
6179,3D
6180,3D
6181,3D
6182,3D
6183,3D
6184,3D
6185,3D
6186,3D
6187,3D
6188,3D
6189,3D
6190,3D
6191,3D
6192,3D
6193,3D
6194,3D
6195,3D
6196,3D
6197,3D
6198,3D
6199,3D
6200,3D
6201,3D
6202,3D
6203,3D
6204,3D
6205,3D
6206,3D
6207,3D
6208,3D
6209,3D
6210,3D
6211,3D
6212,3D
6213,3D
6214,3D
6215,3D
6216,3D
6217,3D
6218,3D
6219,3D
6220,3D
6221,3D
6222,3D
6223,3D
6224,3D
6225,3D
6226,3D
6227,3D
6228,3D
6229,3D
6230,3D
6231,3D
6232,3D
6233,3D
6234,3D
6235,3D
6236,3D
6237,3D
6238,3D
6239,3D
6240,3D
6241,3D
6242,3D
6243,3D
6244,3D
6245,3D
6246,3D
6247,3D
6248,3D
6249,3D
6250,3D
6251,3D
6252,3D
6253,3D
6254,3D
6255,3D
6256,3D
6257,3D
6258,3D
6259,3D
6260,3D
6261,3D
6262,3D
6263,3D
6264,3D
6265,3D
6266,3D
6267,3D
6268,3D
6269,3D
6270,3D
6271,3D
6272,3D
6273,3D
6274,3D
6275,3D
6276,3D
6277,3D
6278,3D
6279,3D
6280,3D
6281,3D
6282,3D
6283,3D
6284,3D
6285,3D
6286,3D
6287,3D
6288,3D
6289,3D
6290,3D
6291,3D
6292,3D
6293,3D
6294,3D
6295,3D
6296,3D
6297,3D
6298,3D
6299,3D
6300,3D
6301,3D
6302,3D
6303,3D
6304,3D
6305,3D
6306,3D
6307,3D
6308,3D
6309,3D
6310,3D
6311,3D
6312,3D
6313,3D
6314,3D
6315,3D
6316,3D
6317,3D
6318,3D
6319,3D
6320,3D
6321,3D
6322,3D
6323,3D
6324,3D
6325,3D
6326,3D
6327,3D
6328,3D
6329,3D
6330,3D
6331,3D
6332,3D
6333,3D
6334,3D
6335,3D
6336,3D
6337,3D
6338,3D
6339,3D
6340,3D
6341,3D
6342,3D
6343,3D
6344,3D
6345,3D
6346,3D
6347,3D
6348,3D
6349,3D
6350,3D
6351,3D
6352,3D
6353,3D
6354,3D
6355,3D
6356,3D
6357,3D
6358,3D
6359,3D
6360,3D
6361,3D
6362,3D
6363,3D
6364,3D
6365,3D
6366,3D
6367,3D
6368,3D
6369,3D
6370,3D
6371,3D
6372,3D
6373,3D
6374,3D
6375,3D
6376,3D
6377,3D
6378,3D
6379,3D
6380,3D
6381,3D
6382,3D
6383,3D
6384,3D
6385,3D
6386,3D
6387,3D
6388,3D
6389,3D
6390,3D
6391,3D
6392,3D
6393,3D
6394,3D
6395,3D
6396,3D
6397,3D
6398,3D
6399,3D
6400,3D
6401,3D
6402,3D
6403,3D
6404,3D
6405,3D
6406,3D
6407,3D
6408,3D
6409,3D
6410,3D
6411,3D
6412,3D
6413,3D
6414,3D
6415,3D
6416,3D
6417,3D
6418,3D
6419,3D
6420,3D
6421,3D
6422,3D
6423,3D
6424,3D
6425,3D
6426,3D
6427,3D
6428,3D
6429,3D
6430,3D
6431,3D
6432,3D
6433,3D
6434,3D
6435,3D
6436,3D
6437,3D
6438,3D
6439,3D
6440,3D
6441,3D
6442,3D
6443,3D
6444,3D
6445,3D
6446,3D
6447,3D
6448,3D
6449,3D
6450,3D
6451,3D
6452,3D
6453,3D
6454,3D
6455,3D
6456,3D
6457,3D
6458,3D
6459,3D
6460,3D
6461,3D
6462,3D
6463,3D
6464,3D
6465,3D
6466,3D
6467,3D
6468,3D
6469,3D
6470,3D
6471,3D
6472,3D
6473,3D
6474,3D
6475,3D
6476,3D
6477,3D
6478,3D
6479,3D
6480,3D
6481,3D
6482,3D
6483,3D
6484,3D
6485,3D
6486,3D
6487,3D
6488,3D
6489,3D
6490,3D
6491,3D
6492,3D
6493,3D
6494,3D
6495,3D
6496,3D
6497,3D
6498,3D
6499,3D
6500,3D
6501,3D
6502,3D
6503,3D
6504,3D
6505,3D
6506,3D
6507,3D
6508,3D
6509,3D
6510,3D
6511,3D
6512,3D
6513,3D
6514,3D
6515,3D
6516,3D
6517,3D
6518,3D
6519,3D
6520,3D
6521,3D
6522,3D
6523,3D
6524,3D
6525,3D
6526,3D
6527,3D
6528,3D
6529,3D
6530,3D
6531,3D
6532,3D
6533,3D
6534,3D
6535,3D
6536,3D
6537,3D
6538,3D
6539,3D
6540,3D
6541,3D
6542,3D
6543,3D
6544,3D
6545,3D
6546,3D
6547,3D
6548,3D
6549,3D
6550,3D
6551,3D
6552,3D
6553,3D
6554,3D
6555,3D
6556,3D
6557,3D
6558,3D
6559,3D
6560,3D
6561,3D
6562,3D
6563,3D
6564,3D
6565,3D
6566,3D
6567,3D
6568,3D
6569,3D
6570,3D
6571,3D
6572,3D
6573,3D
6574,3D
6575,3D
6576,3D
6577,3D
6578,3D
6579,3D
6580,3D
6581,3D
6582,3D
6583,3D
6584,3D
6585,3D
6586,3D
6587,3D
6588,3D
6589,3D
6590,3D
6591,3D
6592,3D
6593,3D
6594,3D
6595,3D
6596,3D
6597,3D
6598,3D
6599,3D
6600,3D
6601,3D
6602,3D
6603,3D
6604,3D
6605,3D
6606,3D
6607,3D
6608,3D
6609,3D
6610,3D
6611,3D
6612,3D
6613,3D
6614,3D
6615,3D
6616,3D
6617,3D
6618,3D
6619,3D
6620,3D
6621,3D
6622,3D
6623,3D
6624,3D
6625,3D
6626,3D
6627,3D
6628,3D
6629,3D
6630,3D
6631,3D
6632,3D
6633,3D
6634,3D
6635,3D
6636,3D
6637,3D
6638,3D
6639,3D
6640,3D
6641,3D
6642,3D
6643,3D
6644,3D
6645,3D
6646,3D
6647,3D
6648,3D
6649,3D
6650,3D
6651,3D
6652,3D
6653,3D
6654,3D
6655,3D
6656,3D
6657,3D
6658,3D
6659,3D
6660,3D
6661,3D
6662,3D
6663,3D
6664,3D
6665,3D
6666,3D
6667,3D
6668,3D
6669,3D
6670,3D
6671,3D
6672,3D
6673,3D
6674,3D
6675,3D
6676,3D
6677,3D
6678,3D
6679,3D
6680,3D
6681,3D
6682,3D
6683,3D
6684,3D
6685,3D
6686,3D
6687,3D
6688,3D
6689,3D
6690,3D
6691,3D
6692,3D
6693,3D
6694,3D
6695,3D
6696,3D
6697,3D
6698,3D
6699,3D
6700,3D
6701,3D
6702,3D
6703,3D
6704,3D
6705,3D
6706,3D
6707,3D
6708,3D
6709,3D
6710,3D
6711,3D
6712,3D
6713,3D
6714,3D
6715,3D
6716,3D
6717,3D
6718,3D
6719,3D
6720,3D
6721,3D
6722,3D
6723,3D
6724,3D
6725,3D
6726,3D
6727,3D
6728,3D
6729,3D
6730,3D
6731,3D
6732,3D
6733,3D
6734,3D
6735,3D
6736,3D
6737,3D
6738,3D
6739,3D
6740,3D
6741,3D
6742,3D
6743,3D
6744,3D
6745,3D
6746,3D
6747,3D
6748,3D
6749,3D
6750,3D
6751,3D
6752,3D
6753,3D
6754,3D
6755,3D
6756,3D
6757,3D
6758,3D
6759,3D
6760,3D
6761,3D
6762,3D
6763,3D
6764,3D
6765,3D
6766,3D
6767,3D
6768,3D
6769,3D
6770,3D
6771,3D
6772,3D
6773,3D
6774,3D
6775,3D
6776,3D
6777,3D
6778,3D
6779,3D
6780,3D
6781,3D
6782,3D
6783,3D
6784,3D
6785,3D
6786,3D
6787,3D
6788,3D
6789,3D
6790,3D
6791,3D
6792,3D
6793,3D
6794,3D
6795,3D
6796,3D
6797,3D
6798,3D
6799,3D
6800,3D
6801,3D
6802,3D
6803,3D
6804,3D
6805,3D
6806,3D
6807,3D
6808,3D
6809,3D
6810,3D
6811,3D
6812,3D
6813,3D
6814,3D
6815,3D
6816,3D
6817,3D
6818,3D
6819,3D
6820,3D
6821,3D
6822,3D
6823,3D
6824,3D
6825,3D
6826,3D
6827,3D
6828,3D
6829,3D
6830,3D
6831,3D
6832,3D
6833,3D
6834,3D
6835,3D
6836,3D
6837,3D
6838,3D
6839,3D
6840,3D
6841,3D
6842,3D
6843,3D
6844,3D
6845,3D
6846,3D
6847,3D
6848,3D
6849,3D
6850,3D
6851,3D
6852,3D
6853,3D
6854,3D
6855,3D
6856,3D
6857,3D
6858,3D
6859,3D
6860,3D
6861,3D
6862,3D
6863,3D
6864,3D
6865,3D
6866,3D
6867,3D
6868,3D
6869,3D
6870,3D
6871,3D
6872,3D
6873,3D
6874,3D
6875,3D
6876,3D
6877,3D
6878,3D
6879,3D
6880,3D
6881,3D
6882,3D
6883,3D
6884,3D
6885,3D
6886,3D
6887,3D
6888,3D
6889,3D
6890,3D
6891,3D
6892,3D
6893,3D
6894,3D
6895,3D
6896,3D
6897,3D
6898,3D
6899,3D
6900,3D
6901,3D
6902,3D
6903,3D
6904,3D
6905,3D
6906,3D
6907,3D
6908,3D
6909,3D
6910,3D
6911,3D
6912,3D
6913,3D
6914,3D
6915,3D
6916,3D
6917,3D
6918,3D
6919,3D
6920,3D
6921,3D
6922,3D
6923,3D
6924,3D
6925,3D
6926,3D
6927,3D
6928,3D
6929,3D
6930,3D
6931,3D
6932,3D
6933,3D
6934,3D
6935,3D
6936,3D
6937,3D
6938,3D
6939,3D
6940,3D
6941,3D
6942,3D
6943,3D
6944,3D
6945,3D
6946,3D
6947,3D
6948,3D
6949,3D
6950,3D
6951,3D
6952,3D
6953,3D
6954,3D
6955,3D
6956,3D
6957,3D
6958,3D
6959,3D
6960,3D
6961,3D
6962,3D
6963,3D
6964,3D
6965,3D
6966,3D
6967,3D
6968,3D
6969,3D
6970,3D
6971,3D
6972,3D
6973,3D
6974,3D
6975,3D
6976,3D
6977,3D
6978,3D
6979,3D
6980,3D
6981,3D
6982,3D
6983,3D
6984,3D
6985,3D
6986,3D
6987,3D
6988,3D
6989,3D
6990,3D
6991,3D
6992,3D
6993,3D
6994,3D
6995,3D
6996,3D
6997,3D
6998,3D
6999,3D
7000,3D
7001,3D
7002,3D
7003,3D
7004,3D
7005,3D
7006,3D
7007,3D
7008,3D
7009,3D
7010,3D
7011,3D
7012,3D
7013,3D
7014,3D
7015,3D
7016,3D
7017,3D
7018,3D
7019,3D
7020,3D
7021,3D
7022,3D
7023,3D
7024,3D
7025,3D
7026,3D
7027,3D
7028,3D
7029,3D
7030,3D
7031,3D
7032,3D
7033,3D
7034,3D
7035,3D
7036,3D
7037,3D
7038,3D
7039,3D
7040,3D
7041,3D
7042,3D
7043,3D
7044,3D
7045,3D
7046,3D
7047,3D
7048,3D
7049,3D
7050,3D
7051,3D
7052,3D
7053,3D
7054,3D
7055,3D
7056,3D
7057,3D
7058,3D
7059,3D
7060,3D
7061,3D
7062,3D
7063,3D
7064,3D
7065,3D
7066,3D
7067,3D
7068,3D
7069,3D
7070,3D
7071,3D
7072,3D
7073,3D
7074,3D
7075,3D
7076,3D
7077,3D
7078,3D
7079,3D
7080,3D
7081,3D
7082,3D
7083,3D
7084,3D
7085,3D
7086,3D
7087,3D
7088,3D
7089,3D
7090,3D
7091,3D
7092,3D
7093,3D
7094,3D
7095,3D
7096,3D
7097,3D
7098,3D
7099,3D
7100,3D
7101,3D
7102,3D
7103,3D
7104,3D
7105,3D
7106,3D
7107,3D
7108,3D
7109,3D
7110,3D
7111,3D
7112,3D
7113,3D
7114,3D
7115,3D
7116,3D
7117,3D
7118,3D
7119,3D
7120,3D
7121,3D
7122,3D
7123,3D
7124,3D
7125,3D
7126,3D
7127,3D
7128,3D
7129,3D
7130,3D
7131,3D
7132,3D
7133,3D
7134,3D
7135,3D
7136,3D
7137,3D
7138,3D
7139,3D
7140,3D
7141,3D
7142,3D
7143,3D
7144,3D
7145,3D
7146,3D
7147,3D
7148,3D
7149,3D
7150,3D
7151,3D
7152,3D
7153,3D
7154,3D
7155,3D
7156,3D
7157,3D
7158,3D
7159,3D
7160,3D
7161,3D
7162,3D
7163,3D
7164,3D
7165,3D
7166,3D
7167,3D
7168,3D
7169,3D
7170,3D
7171,3D
7172,3D
7173,3D
7174,3D
7175,3D
7176,3D
7177,3D
7178,3D
7179,3D
7180,3D
7181,3D
7182,3D
7183,3D
7184,3D
7185,3D
7186,3D
7187,3D
7188,3D
7189,3D
7190,3D
7191,3D
7192,3D
7193,3D
7194,3D
7195,3D
7196,3D
7197,3D
7198,3D
7199,3D
7200,3D
7201,3D
7202,3D
7203,3D
7204,3D
7205,3D
7206,3D
7207,3D
7208,3D
7209,3D
7210,3D
7211,3D
7212,3D
7213,3D
7214,3D
7215,3D
7216,3D
7217,3D
7218,3D
7219,3D
7220,3D
7221,3D
7222,3D
7223,3D
7224,3D
7225,3D
7226,3D
7227,3D
7228,3D
7229,3D
7230,3D
7231,3D
7232,3D
7233,3D
7234,3D
7235,3D
7236,3D
7237,3D
7238,3D
7239,3D
7240,3D
7241,3D
7242,3D
7243,3D
7244,3D
7245,3D
7246,3D
7247,3D
7248,3D
7249,3D
7250,3D
7251,3D
7252,3D
7253,3D
7254,3D
7255,3D
7256,3D
7257,3D
7258,3D
7259,3D
7260,3D
7261,3D
7262,3D
7263,3D
7264,3D
7265,3D
7266,3D
7267,3D
7268,3D
7269,3D
7270,3D
7271,3D
7272,3D
7273,3D
7274,3D
7275,3D
7276,3D
7277,3D
7278,3D
7279,3D
7280,3D
7281,3D
7282,3D
7283,3D
7284,3D
7285,3D
7286,3D
7287,3D
7288,3D
7289,3D
7290,3D
7291,3D
7292,3D
7293,3D
7294,3D
7295,3D
7296,3D
7297,3D
7298,3D
7299,3D
7300,3D
7301,3D
7302,3D
7303,3D
7304,3D
7305,3D